Module,Group,Quota,No,Lowest,Lowest,Highest,Faculty,Student Type
ACC1002,LECTURE B1,4,0,0,0,0,SCHOOL OF BUSINESS,Returning Students [P]
ACC1002X,LECTURE B1,9,1,10,1,10,SCHOOL OF COMPUTING,Returning Students [P]
,,21,0,0,0,0,SCHOOL OF BUSINESS,Returning Students [P]
ACC1002X,LECTURE B2,5,0,0,0,0,SCIENCE,Returning Students [P]
,,17,0,0,0,0,SCHOOL OF COMPUTING,Returning Students [P]
,,37,1,1,1,1,SCHOOL OF BUSINESS,Returning Students [P]
ACC2002,LECTURE B,4,0,0,0,0,SCHOOL OF COMPUTING,Returning Students [P]
ACC3601,SECTIONAL TEACHING A1,9,0,0,0,0,SCHOOL OF BUSINESS,Returning Students [P]
ACC3601,SECTIONAL TEACHING A2,37,0,0,0,0,SCHOOL OF BUSINESS,Returning Students [P]
ACC3601,SECTIONAL TEACHING A3,27,0,0,0,0,SCHOOL OF BUSINESS,Returning Students [P]
ACC3602,SECTIONAL TEACHING B1,13,0,0,0,0,SCHOOL OF BUSINESS,Returning Students [P]
ACC3602,SECTIONAL TEACHING B2,7,1,10,1,10,SCHOOL OF BUSINESS,Returning Students [P]
ACC3603,SECTIONAL TEACHING C2,6,0,0,0,0,SCHOOL OF BUSINESS,Returning Students [P]
ACC3604,SECTIONAL TEACHING D2,7,0,0,0,0,SCHOOL OF BUSINESS,Returning Students [P]
ACC3605,SECTIONAL TEACHING E1,3,0,0,0,0,SCHOOL OF BUSINESS,Returning Students [P]
ACC3605,SECTIONAL TEACHING E2,14,0,0,0,0,SCHOOL OF BUSINESS,Returning Students [P]
ACC3614,SECTIONAL TEACHING H1,20,0,0,0,0,SCHOOL OF BUSINESS,Returning Students [P]
AR2101,DESIGN TUTORIAL 1,17,3,1,1,2,SCHOOL OF DESIGN AND ENVIRONMENT,Returning Students [P]
AR2221,LECTURE 1,4,2,1,1,2,SCHOOL OF DESIGN AND ENVIRONMENT,Returning Students [P]
AR2723,LECTURE 1,2,3,1,1,2,SCHOOL OF DESIGN AND ENVIRONMENT,Returning Students [P]
AR3101,DESIGN TUTORIAL 1,65,1,19,1,19,SCHOOL OF DESIGN AND ENVIRONMENT,Returning Students [P]
AR3222,LECTURE 1,55,2,1,1,19,SCHOOL OF DESIGN AND ENVIRONMENT,Returning Students [P]
AR4101,DESIGN TUTORIAL 1,46,2,1,1,1,SCHOOL OF DESIGN AND ENVIRONMENT,Returning Students [P]
AR4103,DESIGN TUTORIAL 1,19,1,1,1,1,SCHOOL OF DESIGN AND ENVIRONMENT,Returning Students [P]
AR5011,LECTURE 1,78,2,1,1,2,SCHOOL OF DESIGN AND ENVIRONMENT,Returning Students [P]
AR5321,LECTURE 1,30,4,1,1,1000,SCHOOL OF DESIGN AND ENVIRONMENT,Returning Students [P]
AR5610,LECTURE 1,3,0,0,0,0,SCHOOL OF DESIGN AND ENVIRONMENT,Returning Students [P]
AS2213,LECTURE 1,2,0,0,0,0,ARTS & SOCIAL SCIENCES,Returning Students [P]
AS3234,LECTURE 1,1,0,0,0,0,ARTS & SOCIAL SCIENCES,Returning Students [P]
AS3238,LECTURE 1,2,1,1,1,1,ARTS & SOCIAL SCIENCES,Returning Students [P]
BN4301,LECTURE 1,14,0,0,0,0,ENGINEERING,Returning Students [P]
BN4406,LECTURE 1,47,0,0,0,0,ENGINEERING,Returning Students [P]
BSP1004,LECTURE D1,2,3,400,777,1153,ENGINEERING,Returning Students [P]
,,4,0,0,0,0,SCHOOL OF COMPUTING,Returning Students [P]
,,22,0,0,0,0,SCHOOL OF BUSINESS,Returning Students [P]
BSP1004,LECTURE D2,1,1,2450,1,2450,ENGINEERING,Returning Students [P]
,,23,0,0,0,0,SCHOOL OF BUSINESS,Returning Students [P]
BSP1005,LECTURE D1,27,0,0,0,0,SCHOOL OF BUSINESS,Returning Students [P]
BSP1005,LECTURE D2,23,0,0,0,0,SCHOOL OF BUSINESS,Returning Students [P]
BSP2005,LECTURE E,12,0,0,0,0,SCHOOL OF COMPUTING,Returning Students [P]
BU4380,LECTURE 1,13,3,1,1,100,SCHOOL OF DESIGN AND ENVIRONMENT,Returning Students [P]
BU4480,LECTURE 1,28,6,1,1,100,SCHOOL OF DESIGN AND ENVIRONMENT,Returning Students [P]
BU4490,LECTURE 1,69,0,0,0,0,SCHOOL OF DESIGN AND ENVIRONMENT,Returning Students [P]
CE2134,LECTURE 1,83,12,1,1,800,ENGINEERING,Returning Students [P]
CE2155,LECTURE 1,102,12,1,1,800,ENGINEERING,Returning Students [P]
CE2184,LECTURE 1,119,9,1,1,400,ENGINEERING,Returning Students [P]
CE2407,LECTURE 1,78,13,1,1,400,ENGINEERING,Returning Students [P]
CE2408,LECTURE 1,82,7,1,1,500,ENGINEERING,Returning Students [P]
CE3101,LECTURE 1,16,1,5,1,5,ENGINEERING,Returning Students [P]
CE3115,LECTURE 1,62,4,1,1,100,ENGINEERING,Returning Students [P]
CE3121,LECTURE 1,64,2,1,1,100,ENGINEERING,Returning Students [P]
CE3165,LECTURE 1,88,7,1,1,100,ENGINEERING,Returning Students [P]
CE4103,LECTURE 1,87,4,1,1,10,ENGINEERING,Returning Students [P]
CE4104,LECTURE 1,85,5,1,1,10,ENGINEERING,Returning Students [P]
CE4257,LECTURE 1,33,0,0,0,0,ENGINEERING,Returning Students [P]
CE5101,LECTURE 1,22,0,0,0,0,ENGINEERING,Returning Students [P]
CE5104,LECTURE 1,11,2,1,1,900,ENGINEERING,Returning Students [P]
CE5105,LECTURE 1,16,0,0,0,0,ENGINEERING,Returning Students [P]
CE5108,LECTURE 1,13,4,1,1,1,ENGINEERING,Returning Students [P]
CE5203,LECTURE 1,13,0,0,0,0,ENGINEERING,Returning Students [P]
CE5205,LECTURE 1,22,0,0,0,0,ENGINEERING,Returning Students [P]
CE5509,LECTURE 1,9,3,1,1,100,ENGINEERING,Returning Students [P]
CE5514,LECTURE 1,17,0,0,0,0,ENGINEERING,Returning Students [P]
CE5604,LECTURE 1,18,3,1,1,1,ENGINEERING,Returning Students [P]
CE5712,LECTURE 1,16,1,1,1,1,ENGINEERING,Returning Students [P]
CE5805,LECTURE 1,15,1,100,1,100,ENGINEERING,Returning Students [P]
CH1101E,LECTURE 1,45,1,1,1,1,ARTS & SOCIAL SCIENCES,Returning Students [P]
CH2121,LECTURE 1,13,0,0,0,0,ARTS & SOCIAL SCIENCES,Returning Students [P]
CH2161,LECTURE 1,14,0,0,0,0,ARTS & SOCIAL SCIENCES,Returning Students [P]
CH2223,LECTURE 1,14,1,1,1,1,ARTS & SOCIAL SCIENCES,Returning Students [P]
CH2225,LECTURE 1,16,1,1,1,1,ARTS & SOCIAL SCIENCES,Returning Students [P]
CH2271,LECTURE 1,68,0,0,0,0,ARTS & SOCIAL SCIENCES,Returning Students [P]
CH3221,SEMINAR-STYLE MODULE CLASS 1,11,0,0,0,0,ARTS & SOCIAL SCIENCES,Returning Students [P]
CH3222,LECTURE 1,24,0,0,0,0,ARTS & SOCIAL SCIENCES,Returning Students [P]
CH3245,LECTURE 1,33,0,0,0,0,ARTS & SOCIAL SCIENCES,Returning Students [P]
CH3261,LECTURE 1,30,0,0,0,0,ARTS & SOCIAL SCIENCES,Returning Students [P]
CH4203,SEMINAR-STYLE MODULE CLASS 1,29,0,0,0,0,ARTS & SOCIAL SCIENCES,Returning Students [P]
CH4204,SEMINAR-STYLE MODULE CLASS 1,29,0,0,0,0,ARTS & SOCIAL SCIENCES,Returning Students [P]
CH4223,SEMINAR-STYLE MODULE CLASS 1,30,1,9,1,9,ARTS & SOCIAL SCIENCES,Returning Students [P]
CH4224,SEMINAR-STYLE MODULE CLASS 1,29,0,0,0,0,ARTS & SOCIAL SCIENCES,Returning Students [P]
CH4225,SEMINAR-STYLE MODULE CLASS 1,26,0,0,0,0,ARTS & SOCIAL SCIENCES,Returning Students [P]
CH4245,SEMINAR-STYLE MODULE CLASS 1,34,0,0,0,0,ARTS & SOCIAL SCIENCES,Returning Students [P]
CH4246,SEMINAR-STYLE MODULE CLASS 1,32,0,0,0,0,ARTS & SOCIAL SCIENCES,Returning Students [P]
CH4281,SEMINAR-STYLE MODULE CLASS 1,20,1,301,1,301,ARTS & SOCIAL SCIENCES,Returning Students [P]
CH5210,SECTIONAL TEACHING 1,20,0,0,0,0,ARTS & SOCIAL SCIENCES,Returning Students [P]
CH5211,SECTIONAL TEACHING 1,20,0,0,0,0,ARTS & SOCIAL SCIENCES,Returning Students [P]
CH5212,SECTIONAL TEACHING 1,10,0,0,0,0,ARTS & SOCIAL SCIENCES,Returning Students [P]
CH5213,SECTIONAL TEACHING 1,18,3,1,1,9,ARTS & SOCIAL SCIENCES,Returning Students [P]
CL1101E,LECTURE 1,31,0,0,0,0,ARTS & SOCIAL SCIENCES,Returning Students [P]
CL2121,LECTURE 1,20,0,0,0,0,ARTS & SOCIAL SCIENCES,Returning Students [P]
CL2207,LECTURE 1,22,0,0,0,0,ARTS & SOCIAL SCIENCES,Returning Students [P]
CL2208,LECTURE 1,30,0,0,0,0,ARTS & SOCIAL SCIENCES,Returning Students [P]
CL2280,LECTURE 1,76,0,0,0,0,ARTS & SOCIAL SCIENCES,Returning Students [P]
CL3204,LECTURE 1,40,0,0,0,0,ARTS & SOCIAL SCIENCES,Returning Students [P]
CL3207,LECTURE 1,27,0,0,0,0,ARTS & SOCIAL SCIENCES,Returning Students [P]
CL3208,LECTURE 1,34,0,0,0,0,ARTS & SOCIAL SCIENCES,Returning Students [P]
CL3221,SEMINAR-STYLE MODULE CLASS 1,5,1,1,1,1,ARTS & SOCIAL SCIENCES,Returning Students [P]
CM1101,LECTURE SL1,10,0,0,0,0,SCIENCE,Returning Students [P]
CM1111,LECTURE SL1,16,0,0,0,0,SCIENCE,Returning Students [P]
CM1417,LECTURE SL1,2,1,99,1,99,SCIENCE,Returning Students [P]
,,40,0,0,0,0,SCHOOL OF COMPUTING,Returning Students [P]
CM1501,LECTURE 1,152,9,1,1,50,ENGINEERING,Returning Students [P]
CM2101,LECTURE SL1,20,0,0,0,0,SCIENCE,Returning Students [P]
CM2111,LECTURE SL1,80,0,0,0,0,SCIENCE,Returning Students [P]
CM2132,LECTURE SL1,60,1,1,1,1,SCIENCE,Returning Students [P]
CM2142,LECTURE SL1,57,3,1,1,1002,SCIENCE,Returning Students [P]
CM2161,LECTURE SL1,30,0,0,0,0,SCIENCE,Returning Students [P]
CM2165,LECTURE SL1,10,0,0,0,0,SCIENCE,Returning Students [P]
CM2263,LECTURE SL1,9,0,0,0,0,SCIENCE,Returning Students [P]
CM3221,LECTURE SL1,32,6,1,1,500,SCIENCE,Returning Students [P]
CM3222,LECTURE SL1,140,8,1,1,500,SCIENCE,Returning Students [P]
CM3242,LECTURE SL1,42,4,1,1,900,SCIENCE,Returning Students [P]
CM3292,LECTURE SL1,21,26,1,250,2501,SCIENCE,Returning Students [P]
CM4223,LECTURE SL1,31,3,1,1,706,SCIENCE,Returning Students [P]
CM4226,LECTURE SL1,14,1,1,1,1,SCIENCE,Returning Students [P]
CM4266,LECTURE SL1,41,6,1,1,3500,SCIENCE,Returning Students [P]
CN1111E,LECTURE 1,5,0,0,0,0,ENGINEERING,Returning Students [P]
CN2121,LECTURE 1,135,13,1,1,50,ENGINEERING,Returning Students [P]
CN2121E,LECTURE 1,58,2,1,1,1,ENGINEERING,Returning Students [P]
CN2122,LECTURE 1,172,10,1,1,50,ENGINEERING,Returning Students [P]
CN2122E,LECTURE 1,14,2,1,1,1,ENGINEERING,Returning Students [P]
CN3108,SECTIONAL TEACHING 1,8,3,1,1,10,ENGINEERING,Returning Students [P]
CN3108,SECTIONAL TEACHING 2,24,2,1,1,100,ENGINEERING,Returning Students [P]
CN3108,SECTIONAL TEACHING 4,9,6,1,1,3823,ENGINEERING,Returning Students [P]
CN3121,LECTURE 1,76,7,1,1,10,ENGINEERING,Returning Students [P]
CN3122,LECTURE 1,20,0,0,0,0,ENGINEERING,Returning Students [P]
CN3125,LECTURE 1,23,0,0,0,0,ENGINEERING,Returning Students [P]
CN3132,LECTURE 1,80,6,1,1,10,ENGINEERING,Returning Students [P]
CN3421,LECTURE 1,89,7,1,1,10,ENGINEERING,Returning Students [P]
CN4111,LECTURE 1,88,8,1,1,10,ENGINEERING,Returning Students [P]
CN4118,LECTURE 1,103,6,1,1,455,ENGINEERING,Returning Students [P]
CN4119,LECTURE 1,20,0,0,0,0,ENGINEERING,Returning Students [P]
CN4201,LECTURE 1,72,3,1,1,1001,ENGINEERING,Returning Students [P]
CN4210E,LECTURE 1,22,2,1,1,1,ENGINEERING,Returning Students [P]
CN4211E,LECTURE 1,32,0,0,0,0,ENGINEERING,Returning Students [P]
CN4216,LECTURE 1,45,0,0,0,0,ENGINEERING,Returning Students [P]
CN4216R,LECTURE 1,20,1,285,1,285,ENGINEERING,Returning Students [P]
CN4217,LECTURE 1,45,3,1,1,1001,ENGINEERING,Returning Students [P]
CN4232,LECTURE 1,51,1,1,1,1,ENGINEERING,Returning Students [P]
CN4238,LECTURE 1,57,1,1,1,1,ENGINEERING,Returning Students [P]
CN4238E,LECTURE 1,39,1,1,1,1,ENGINEERING,Returning Students [P]
CN4241,LECTURE 1,62,1,200,1,200,ENGINEERING,Returning Students [P]
CN4246,LECTURE 1,32,1,363,1,363,ENGINEERING,Returning Students [P]
CN4246E,LECTURE 1,37,0,0,0,0,ENGINEERING,Returning Students [P]
CN5111,LECTURE 1,18,2,1,1,10,ENGINEERING,Returning Students [P]
CS1101C,LECTURE 1,7,0,0,0,0,ARTS & SOCIAL SCIENCES,Returning Students [P]
CS1101C,LECTURE 2,4,0,0,0,0,ARTS & SOCIAL SCIENCES,Returning Students [P]
CS1101S,LECTURE 1,4,0,0,0,0,ARTS & SOCIAL SCIENCES,Returning Students [P]
,,5,0,0,0,0,SCHOOL OF COMPUTING,Returning Students [P]
CS1101X,LECTURE 1,4,0,0,0,0,ARTS & SOCIAL SCIENCES,Returning Students [P]
,,5,0,0,0,0,SCHOOL OF COMPUTING,Returning Students [P]
CS1101X,LECTURE 2,8,0,0,0,0,SCHOOL OF COMPUTING,Returning Students [P]
CS1101X,LECTURE 3,8,0,0,0,0,SCHOOL OF COMPUTING,Returning Students [P]
CS1101Y,LECTURE 1,5,0,0,0,0,SCIENCE,Returning Students [P]
,,2,0,0,0,0,SCHOOL OF COMPUTING,Returning Students [P]
CS1101Y,LECTURE 2,2,0,0,0,0,SCIENCE,Returning Students [P]
CS1101Y,LECTURE 3,2,0,0,0,0,SCIENCE,Returning Students [P]
,,5,0,0,0,0,SCHOOL OF COMPUTING,Returning Students [P]
CS1101Z,LECTURE 1,2,0,0,0,0,SCIENCE,Returning Students [P]
,,5,0,0,0,0,SCHOOL OF COMPUTING,Returning Students [P]
CS1101Z,LECTURE 2,4,0,0,0,0,ARTS & SOCIAL SCIENCES,Returning Students [P]
,,2,0,0,0,0,SCIENCE,Returning Students [P]
,,5,0,0,0,0,SCHOOL OF COMPUTING,Returning Students [P]
CS1101Z,LECTURE 3,2,0,0,0,0,SCIENCE,Returning Students [P]
,,5,0,0,0,0,SCHOOL OF COMPUTING,Returning Students [P]
CS1102,LECTURE 1,10,0,0,0,0,ARTS & SOCIAL SCIENCES,Returning Students [P]
,,32,0,0,0,0,SCIENCE,Returning Students [P]
,,30,3,1,1,10,SCHOOL OF COMPUTING,Returning Students [P]
CS1102C,LECTURE 1,8,0,0,0,0,ARTS & SOCIAL SCIENCES,Returning Students [P]
,,4,0,0,0,0,SCHOOL OF COMPUTING,Returning Students [P]
CS1105,LECTURE 1,35,1,1,1,1,SCHOOL OF COMPUTING,Returning Students [P]
CS1105,LECTURE 2,48,0,0,0,0,SCHOOL OF COMPUTING,Returning Students [P]
CS1231X,LECTURE 1,76,0,0,0,0,SCHOOL OF COMPUTING,Returning Students [P]
CS1231Y,LECTURE 1,67,1,1,1,1,SCHOOL OF COMPUTING,Returning Students [P]
CS1280,LECTURE 1,140,0,0,0,0,SCHOOL OF COMPUTING,Returning Students [P]
CS1281,LECTURE 1,20,0,0,0,0,SCHOOL OF COMPUTING,Returning Students [P]
CS2102,LECTURE 1,4,0,0,0,0,ARTS & SOCIAL SCIENCES,Returning Students [P]
CS2102,LECTURE 2,4,0,0,0,0,ARTS & SOCIAL SCIENCES,Returning Students [P]
,,14,0,0,0,0,ENGINEERING,Returning Students [P]
CS2102S,LECTURE 1,4,0,0,0,0,ARTS & SOCIAL SCIENCES,Returning Students [P]
,,39,2,1,1,50,SCHOOL OF COMPUTING,Returning Students [P]
CS2102S,LECTURE 2,4,0,0,0,0,ARTS & SOCIAL SCIENCES,Returning Students [P]
,,17,1,50,1,50,SCHOOL OF COMPUTING,Returning Students [P]
CS2103,LECTURE 1,15,1,50,1,50,ENGINEERING,Returning Students [P]
,,20,3,1,1,50,SCHOOL OF COMPUTING,Returning Students [P]
CS2103,LECTURE 2,18,1,1,1,1,ENGINEERING,Returning Students [P]
,,35,0,0,0,0,SCHOOL OF COMPUTING,Returning Students [P]
CS2105,LECTURE 1,50,4,1,1,11,SCHOOL OF COMPUTING,Returning Students [P]
CS2106,LECTURE 1,36,0,0,0,0,ENGINEERING,Returning Students [P]
,,32,3,1,1,1,SCHOOL OF COMPUTING,Returning Students [P]
CS2250,LECTURE 1,54,8,1,1,150,SCHOOL OF COMPUTING,Returning Students [P]
CS2261,LECTURE 1,62,2,1,1,2488,SCHOOL OF COMPUTING,Returning Students [P]
CS2271,LECTURE 1,16,0,0,0,0,SCHOOL OF COMPUTING,Returning Students [P]
CS2301,LECTURE 1,10,6,1,1,1700,SCHOOL OF COMPUTING,Returning Students [P]
CS3103,LECTURE 1,38,2,11,1,100,SCHOOL OF COMPUTING,Returning Students [P]
CS3212,LECTURE 1,99,2,1,1,3000,SCHOOL OF COMPUTING,Returning Students [P]
CS3214,LECTURE 1,30,0,0,0,0,SCHOOL OF COMPUTING,Returning Students [P]
CS3215,LECTURE 1,46,2,1,1,1,SCHOOL OF COMPUTING,Returning Students [P]
CS3220,LECTURE 1,49,1,100,1,100,SCHOOL OF COMPUTING,Returning Students [P]
CS3230,LECTURE 1,16,0,0,0,0,SCIENCE,Returning Students [P]
,,19,1,1,1,1,ENGINEERING,Returning Students [P]
,,2,4,100,2000,3000,SCHOOL OF COMPUTING,Returning Students [P]
CS3234,LECTURE 1,34,1,11,1,11,SCHOOL OF COMPUTING,Returning Students [P]
CS3235,LECTURE 1,69,8,1,1,1400,SCHOOL OF COMPUTING,Returning Students [P]
CS3241,LECTURE 1,15,3,1,1,100,ENGINEERING,Returning Students [P]
,,37,3,1,1,700,SCHOOL OF COMPUTING,Returning Students [P]
CS3242,LECTURE 1,16,3,1,1,700,SCHOOL OF COMPUTING,Returning Students [P]
CS3251,LECTURE 1,51,3,1,1,100,SCHOOL OF COMPUTING,Returning Students [P]
CS3254,LECTURE 1,75,2,101,1,300,SCHOOL OF COMPUTING,Returning Students [P]
CS3266,LECTURE 1,20,6,1,1,60,SCHOOL OF COMPUTING,Returning Students [P]
CS3267,LECTURE 1,114,2,1,1,5,SCHOOL OF COMPUTING,Returning Students [P]
CS3342,LECTURE 1,1,0,0,0,0,ARTS & SOCIAL SCIENCES,Returning Students [P]
CS3343,LECTURE 1,2,5,1,874,1000,SCHOOL OF COMPUTING,Returning Students [P]
CS3361,LECTURE 1,65,2,1,1,2000,SCHOOL OF COMPUTING,Returning Students [P]
CS4211,LECTURE 1,12,2,1,1,1000,SCHOOL OF COMPUTING,Returning Students [P]
CS4221,LECTURE 1,28,6,1,1,1000,SCHOOL OF COMPUTING,Returning Students [P]
CS4237,LECTURE 1,25,3,100,1,2000,SCHOOL OF COMPUTING,Returning Students [P]
CS4243,LECTURE 1,5,10,1,735,3000,SCHOOL OF COMPUTING,Returning Students [P]
CS4260,LECTURE 1,26,0,0,0,0,SCHOOL OF COMPUTING,Returning Students [P]
CS4264,LECTURE 1,2,3,600,705,1500,SCHOOL OF COMPUTING,Returning Students [P]
CS4265,LECTURE 1,21,1,1,1,1,SCHOOL OF COMPUTING,Returning Students [P]
CS4274,LECTURE 1,23,0,0,0,0,SCHOOL OF COMPUTING,Returning Students [P]
CS4344,LECTURE 1,7,2,1,1,1000,SCHOOL OF COMPUTING,Returning Students [P]
CS5206,LECTURE 1,10,6,1,1,3937,SCHOOL OF COMPUTING,Returning Students [P]
CS5208,LECTURE 1,10,0,0,0,0,SCHOOL OF COMPUTING,Returning Students [P]
CS5220,LECTURE 1,7,2,100,1,400,SCHOOL OF COMPUTING,Returning Students [P]
CS5223,LECTURE 1,9,1,4000,1,4000,SCHOOL OF COMPUTING,Returning Students [P]
CS5229,LECTURE 1,8,0,0,0,0,SCHOOL OF COMPUTING,Returning Students [P]
CS5230,LECTURE 1,8,0,0,0,0,SCHOOL OF COMPUTING,Returning Students [P]
CS5237,LECTURE 1,4,0,0,0,0,SCHOOL OF COMPUTING,Returning Students [P]
CS5238,LECTURE 1,6,0,0,0,0,SCHOOL OF COMPUTING,Returning Students [P]
CS5240,LECTURE 1,5,3,1,1,500,SCHOOL OF COMPUTING,Returning Students [P]
CS5246,LECTURE 1,8,0,0,0,0,SCHOOL OF COMPUTING,Returning Students [P]
CS5249,LECTURE 1,5,1,100,1,100,SCHOOL OF COMPUTING,Returning Students [P]
CS5322,LECTURE 1,10,0,0,0,0,SCHOOL OF COMPUTING,Returning Students [P]
CS5341,LECTURE 1,10,0,0,0,0,SCHOOL OF COMPUTING,Returning Students [P]
CZ1102,LECTURE SL1,33,3,1,1,308,SCIENCE,Returning Students [P]
CZ4102,LECTURE SL1,30,0,0,0,0,SCIENCE,Returning Students [P]
DSC2003,LECTURE C1,4,0,0,0,0,SCHOOL OF COMPUTING,Returning Students [P]
,,84,4,1,1,2099,SCHOOL OF BUSINESS,Returning Students [P]
DSC2003,LECTURE C2,11,0,0,0,0,SCHOOL OF COMPUTING,Returning Students [P]
DSC2006,LECTURE F1,14,2,1,1,199,SCHOOL OF BUSINESS,Returning Students [P]
DSC2006,LECTURE F2,35,1,1,1,1,SCHOOL OF BUSINESS,Returning Students [P]
DSC3201,SECTIONAL TEACHING A1,4,0,0,0,0,SCHOOL OF COMPUTING,Returning Students [P]
,,10,3,2,1,201,SCHOOL OF BUSINESS,Returning Students [P]
DSC3201,SECTIONAL TEACHING A2,16,3,1,1,1457,SCHOOL OF BUSINESS,Returning Students [P]
DSC3202,SECTIONAL TEACHING B1,2,0,0,0,0,SCIENCE,Returning Students [P]
DSC3203,SECTIONAL TEACHING C1,2,3,1,1,10,SCHOOL OF BUSINESS,Returning Students [P]
DSC3203,SECTIONAL TEACHING C2,6,0,0,0,0,SCHOOL OF BUSINESS,Returning Students [P]
DSC3222J,SECTIONAL TEACHING G1,1,1,400,1,400,SCHOOL OF BUSINESS,Returning Students [P]
DSC4211B,SECTIONAL TEACHING F1,2,2,251,1,649,SCHOOL OF BUSINESS,Returning Students [P]
EC1101E,LECTURE 1,10,0,0,0,0,ARTS & SOCIAL SCIENCES,Returning Students [P]
EC1101E,LECTURE 2,11,1,1,1,1,ARTS & SOCIAL SCIENCES,Returning Students [P]
EC1301,LECTURE 1,71,8,1,1,50,ENGINEERING,Returning Students [P]
,,14,0,0,0,0,SCHOOL OF COMPUTING,Returning Students [P]
EC1301,LECTURE 2,15,8,1,1,1500,SCIENCE,Returning Students [P]
,,88,3,1,1,300,ENGINEERING,Returning Students [P]
,,24,0,0,0,0,SCHOOL OF COMPUTING,Returning Students [P]
EC1301,LECTURE 3,53,10,1,1,2000,ENGINEERING,Returning Students [P]
,,22,0,0,0,0,SCHOOL OF COMPUTING,Returning Students [P]
EC2101,LECTURE 1,27,0,0,0,0,ARTS & SOCIAL SCIENCES,Returning Students [P]
EC2102,LECTURE 1,79,0,0,0,0,ARTS & SOCIAL SCIENCES,Returning Students [P]
EC3304,LECTURE 1,12,2,1,1,1,ARTS & SOCIAL SCIENCES,Returning Students [P]
EC3373,LECTURE 1,4,10,100,504,1203,ARTS & SOCIAL SCIENCES,Returning Students [P]
EC4101,LECTURE 1,53,4,1,1,1791,ARTS & SOCIAL SCIENCES,Returning Students [P]
EC4102,LECTURE 1,40,1,1,1,1,ARTS & SOCIAL SCIENCES,Returning Students [P]
EC4303,LECTURE 1,18,1,500,1,500,ARTS & SOCIAL SCIENCES,Returning Students [P]
EC4332,LECTURE 1,18,0,0,0,0,ARTS & SOCIAL SCIENCES,Returning Students [P]
EC4341,LECTURE 1,29,0,0,0,0,ARTS & SOCIAL SCIENCES,Returning Students [P]
EC4396,SECTIONAL TEACHING 1,40,0,0,0,0,ARTS & SOCIAL SCIENCES,Returning Students [P]
EC4880,LECTURE 1,11,0,0,0,0,ARTS & SOCIAL SCIENCES,Returning Students [P]
EC5104,SECTIONAL TEACHING 1,14,0,0,0,0,ARTS & SOCIAL SCIENCES,Returning Students [P]
EE2001,LECTURE L1,3,8,600,2399,2400,ENGINEERING,Returning Students [P]
EE2001,LECTURE L2,52,1,1500,1,1500,ENGINEERING,Returning Students [P]
EE2004,LECTURE ALL,39,0,0,0,0,ENGINEERING,Returning Students [P]
EE2004E,LECTURE 1,96,5,1,1,1,ENGINEERING,Returning Students [P]
EE2005,LECTURE ALL,4,0,0,0,0,SCIENCE,Returning Students [P]
EE2010,PACKAGED LECTURE 1,8,2,1,1,100,ENGINEERING,Returning Students [P]
EE2010,PACKAGED LECTURE 2,10,0,0,0,0,ENGINEERING,Returning Students [P]
EE2010,PACKAGED LECTURE 3,8,0,0,0,0,ENGINEERING,Returning Students [P]
EE2010,PACKAGED LECTURE 4,10,0,0,0,0,ENGINEERING,Returning Students [P]
EE2010E,LECTURE 1,97,4,1,1,1,ENGINEERING,Returning Students [P]
EE2011,LECTURE ALL,40,0,0,0,0,ENGINEERING,Returning Students [P]
EE3001,LECTURE P,147,5,1,1,333,ENGINEERING,Returning Students [P]
EE3101,PACKAGED LECTURE 1,73,9,1,1,1200,ENGINEERING,Returning Students [P]
EE3101E,LECTURE 1,52,0,0,0,0,ENGINEERING,Returning Students [P]
EE3103,PACKAGED LECTURE 1,63,3,1,1,1000,ENGINEERING,Returning Students [P]
EE3103E,LECTURE 1,29,4,1,1,800,ENGINEERING,Returning Students [P]
EE3204,PACKAGED LECTURE 1,96,4,10,1,1500,ENGINEERING,Returning Students [P]
EE3204E,LECTURE 1,32,0,0,0,0,ENGINEERING,Returning Students [P]
EE3206,PACKAGED LECTURE 1,134,7,1,1,500,ENGINEERING,Returning Students [P]
EE3206E,LECTURE 1,25,0,0,0,0,ENGINEERING,Returning Students [P]
EE3207,PACKAGED LECTURE 1,49,4,1,1,500,ENGINEERING,Returning Students [P]
EE3207E,LECTURE 1,36,2,10,1,10,ENGINEERING,Returning Students [P]
EE3208E,LECTURE 1,59,1,250,1,250,ENGINEERING,Returning Students [P]
EE3302,PACKAGED LECTURE 1,144,4,10,1,1250,ENGINEERING,Returning Students [P]
EE3302E,LECTURE 1,59,3,10,1,10,ENGINEERING,Returning Students [P]
EE3406,PACKAGED LECTURE 1,140,3,1,1,3901,ENGINEERING,Returning Students [P]
EE3407,PACKAGED LECTURE 1,93,1,10,1,10,ENGINEERING,Returning Students [P]
EE3408,PACKAGED LECTURE 1,109,3,500,1,1000,ENGINEERING,Returning Students [P]
EE3408E,LECTURE 1,45,0,0,0,0,ENGINEERING,Returning Students [P]
EE3505,PACKAGED LECTURE 1,94,2,1,1,500,ENGINEERING,Returning Students [P]
EE3601,PACKAGED LECTURE 1,120,0,0,0,0,ENGINEERING,Returning Students [P]
EE3702,PACKAGED LECTURE 1,8,0,0,0,0,ARTS & SOCIAL SCIENCES,Returning Students [P]
,,20,7,1,1,2386,ENGINEERING,Returning Students [P]
EE4101,PACKAGED LECTURE 1,33,4,3,1,100,ENGINEERING,Returning Students [P]
EE4103,PACKAGED LECTURE 1,68,1,100,1,100,ENGINEERING,Returning Students [P]
EE4104,PACKAGED LECTURE 1,19,0,0,0,0,ENGINEERING,Returning Students [P]
EE4112,PACKAGED LECTURE 1,47,0,0,0,0,ENGINEERING,Returning Students [P]
EE4214,PACKAGED LECTURE 1,67,5,1,1,500,ENGINEERING,Returning Students [P]
EE4214E,LECTURE 1,26,1,1,1,1,ENGINEERING,Returning Students [P]
EE4305,PACKAGED LECTURE 1,24,13,1,1,1001,ENGINEERING,Returning Students [P]
EE4411,PACKAGED LECTURE 1,11,3,10,1,1000,ENGINEERING,Returning Students [P]
EE4411E,LECTURE 1,25,5,1,1,50,ENGINEERING,Returning Students [P]
EE4412,PACKAGED LECTURE 1,34,1,300,1,300,ENGINEERING,Returning Students [P]
EE4412E,LECTURE 1,47,2,1,1,10,ENGINEERING,Returning Students [P]
EE4502,LECTURE 1,36,5,10,1,1000,ENGINEERING,Returning Students [P]
EE4505,PACKAGED LECTURE 1,45,5,1,1,5139,ENGINEERING,Returning Students [P]
EE4506,PACKAGED LECTURE 1,40,2,100,1,1001,ENGINEERING,Returning Students [P]
EE4601,PACKAGED LECTURE 1,46,1,10,1,10,ENGINEERING,Returning Students [P]
EE4604,PACKAGED LECTURE 1,38,5,1,1,3500,ENGINEERING,Returning Students [P]
EG1108,LECTURE 1,10,0,0,0,0,SCHOOL OF COMPUTING,Returning Students [P]
EG1108,LECTURE 2,4,0,0,0,0,SCHOOL OF COMPUTING,Returning Students [P]
EG2401,LECTURE 1,28,29,1,1,2000,ENGINEERING,Returning Students [P]
EG2401,LECTURE 2,49,15,1,1,2500,ENGINEERING,Returning Students [P]
EL2101,LECTURE 1,105,0,0,0,0,ARTS & SOCIAL SCIENCES,Returning Students [P]
EL2102,LECTURE 1,70,0,0,0,0,ARTS & SOCIAL SCIENCES,Returning Students [P]
EL2151,LECTURE 1,70,0,0,0,0,ARTS & SOCIAL SCIENCES,Returning Students [P]
EL2201,LECTURE 1,61,0,0,0,0,ARTS & SOCIAL SCIENCES,Returning Students [P]
EL2202,LECTURE 1,32,0,0,0,0,ARTS & SOCIAL SCIENCES,Returning Students [P]
EL2251,LECTURE 1,52,0,0,0,0,ARTS & SOCIAL SCIENCES,Returning Students [P]
EL3203,SEMINAR-STYLE MODULE CLASS 1,6,0,0,0,0,ARTS & SOCIAL SCIENCES,Returning Students [P]
EL3206,LECTURE 1,47,0,0,0,0,ARTS & SOCIAL SCIENCES,Returning Students [P]
EL3208,LECTURE 1,16,0,0,0,0,ARTS & SOCIAL SCIENCES,Returning Students [P]
EL3252,SEMINAR-STYLE MODULE CLASS 1,14,0,0,0,0,ARTS & SOCIAL SCIENCES,Returning Students [P]
EL3880B,SEMINAR-STYLE MODULE CLASS 1,26,0,0,0,0,ARTS & SOCIAL SCIENCES,Returning Students [P]
EL4200,SEMINAR-STYLE MODULE CLASS 1,32,0,0,0,0,ARTS & SOCIAL SCIENCES,Returning Students [P]
EL4205,SEMINAR-STYLE MODULE CLASS 1,25,0,0,0,0,ARTS & SOCIAL SCIENCES,Returning Students [P]
EL4252,SEMINAR-STYLE MODULE CLASS 1,26,0,0,0,0,ARTS & SOCIAL SCIENCES,Returning Students [P]
EL4254,SEMINAR-STYLE MODULE CLASS 1,26,0,0,0,0,ARTS & SOCIAL SCIENCES,Returning Students [P]
EL4880,SEMINAR-STYLE MODULE CLASS 1,8,1,1,1,1,ARTS & SOCIAL SCIENCES,Returning Students [P]
EN1101E,LECTURE 1,17,0,0,0,0,ARTS & SOCIAL SCIENCES,Returning Students [P]
EN2112,LECTURE 1,34,0,0,0,0,ARTS & SOCIAL SCIENCES,Returning Students [P]
EN3224,LECTURE 1,6,3,1,1,500,ARTS & SOCIAL SCIENCES,Returning Students [P]
EN3248,SEMINAR-STYLE MODULE CLASS 1,5,1,400,1,400,ARTS & SOCIAL SCIENCES,Returning Students [P]
EN3266,LECTURE 1,10,0,0,0,0,ARTS & SOCIAL SCIENCES,Returning Students [P]
EN3271,SEMINAR-STYLE MODULE CLASS 1,5,0,0,0,0,ARTS & SOCIAL SCIENCES,Returning Students [P]
EN4221,SEMINAR-STYLE MODULE CLASS 1,22,0,0,0,0,ARTS & SOCIAL SCIENCES,Returning Students [P]
EN4222,SEMINAR-STYLE MODULE CLASS 1,12,0,0,0,0,ARTS & SOCIAL SCIENCES,Returning Students [P]
EN4223,SEMINAR-STYLE MODULE CLASS 1,7,0,0,0,0,ARTS & SOCIAL SCIENCES,Returning Students [P]
EN4224,SEMINAR-STYLE MODULE CLASS 1,6,0,0,0,0,ARTS & SOCIAL SCIENCES,Returning Students [P]
EN4271,SEMINAR-STYLE MODULE CLASS 1,14,0,0,0,0,ARTS & SOCIAL SCIENCES,Returning Students [P]
EN4880B,SEMINAR-STYLE MODULE CLASS 1,18,0,0,0,0,ARTS & SOCIAL SCIENCES,Returning Students [P]
ES2002,SECTIONAL TEACHING G1,2,0,0,0,0,ARTS & SOCIAL SCIENCES,Returning Students [P]
ES2002,SECTIONAL TEACHING G10,2,0,0,0,0,ARTS & SOCIAL SCIENCES,Returning Students [P]
ES2002,SECTIONAL TEACHING G11,2,0,0,0,0,ARTS & SOCIAL SCIENCES,Returning Students [P]
ES2002,SECTIONAL TEACHING G12,2,0,0,0,0,ARTS & SOCIAL SCIENCES,Returning Students [P]
ES2002,SECTIONAL TEACHING G13,2,0,0,0,0,ARTS & SOCIAL SCIENCES,Returning Students [P]
ES2002,SECTIONAL TEACHING G14,2,0,0,0,0,ARTS & SOCIAL SCIENCES,Returning Students [P]
ES2002,SECTIONAL TEACHING G15,2,0,0,0,0,ARTS & SOCIAL SCIENCES,Returning Students [P]
ES2002,SECTIONAL TEACHING G16,2,0,0,0,0,ARTS & SOCIAL SCIENCES,Returning Students [P]
ES2002,SECTIONAL TEACHING G17,2,0,0,0,0,ARTS & SOCIAL SCIENCES,Returning Students [P]
ES2002,SECTIONAL TEACHING G18,2,0,0,0,0,ARTS & SOCIAL SCIENCES,Returning Students [P]
ES2002,SECTIONAL TEACHING G19,2,0,0,0,0,ARTS & SOCIAL SCIENCES,Returning Students [P]
ES2002,SECTIONAL TEACHING G2,2,0,0,0,0,ARTS & SOCIAL SCIENCES,Returning Students [P]
ES2002,SECTIONAL TEACHING G20,2,0,0,0,0,ARTS & SOCIAL SCIENCES,Returning Students [P]
ES2002,SECTIONAL TEACHING G21,2,0,0,0,0,ARTS & SOCIAL SCIENCES,Returning Students [P]
ES2002,SECTIONAL TEACHING G3,2,0,0,0,0,ARTS & SOCIAL SCIENCES,Returning Students [P]
ES2002,SECTIONAL TEACHING G4,2,0,0,0,0,ARTS & SOCIAL SCIENCES,Returning Students [P]
ES2002,SECTIONAL TEACHING G5,2,0,0,0,0,ARTS & SOCIAL SCIENCES,Returning Students [P]
ES2002,SECTIONAL TEACHING G6,2,0,0,0,0,ARTS & SOCIAL SCIENCES,Returning Students [P]
ES2002,SECTIONAL TEACHING G7,2,0,0,0,0,ARTS & SOCIAL SCIENCES,Returning Students [P]
ES2002,SECTIONAL TEACHING G8,2,0,0,0,0,ARTS & SOCIAL SCIENCES,Returning Students [P]
ES2002,SECTIONAL TEACHING G9,2,0,0,0,0,ARTS & SOCIAL SCIENCES,Returning Students [P]
ES2007S,SECTIONAL TEACHING 5,2,1,52,1,52,ENGINEERING,Returning Students [P]
ES2007S,SECTIONAL TEACHING 8,4,7,467,1400,1509,SCIENCE,Returning Students [P]
,,2,0,0,0,0,ENGINEERING,Returning Students [P]
ES2007S,SECTIONAL TEACHING 9,1,0,0,0,0,ENGINEERING,Returning Students [P]
ESE3101,LECTURE 1,9,2,5,1,50,ENGINEERING,Returning Students [P]
ESE3201,LECTURE 1,9,0,0,0,0,ENGINEERING,Returning Students [P]
ESE3301,LECTURE 1,10,0,0,0,0,ENGINEERING,Returning Students [P]
ESE3401,LECTURE 1,15,0,0,0,0,ENGINEERING,Returning Students [P]
EU2204,LECTURE 1,2,0,0,0,0,ARTS & SOCIAL SCIENCES,Returning Students [P]
EU2213,LECTURE 1,12,0,0,0,0,ARTS & SOCIAL SCIENCES,Returning Students [P]
EU3212,LECTURE 1,26,0,0,0,0,ARTS & SOCIAL SCIENCES,Returning Students [P]
EU3224,LECTURE 1,7,0,0,0,0,ARTS & SOCIAL SCIENCES,Returning Students [P]
EU4214,LECTURE 1,1,0,0,0,0,ARTS & SOCIAL SCIENCES,Returning Students [P]
EU4226,LECTURE 1,1,0,0,0,0,ARTS & SOCIAL SCIENCES,Returning Students [P]
EU4227A,SEMINAR-STYLE MODULE CLASS 1,5,0,0,0,0,ARTS & SOCIAL SCIENCES,Returning Students [P]
EU4228,SEMINAR-STYLE MODULE CLASS 1,4,0,0,0,0,ARTS & SOCIAL SCIENCES,Returning Students [P]
EU4228,SEMINAR-STYLE MODULE CLASS 2,5,0,0,0,0,ARTS & SOCIAL SCIENCES,Returning Students [P]
FIN2004,LECTURE D1,8,0,0,0,0,SCIENCE,Returning Students [P]
,,7,1,1,1,1,SCHOOL OF COMPUTING,Returning Students [P]
FIN2004,LECTURE D2,8,0,0,0,0,SCIENCE,Returning Students [P]
,,6,0,0,0,0,SCHOOL OF COMPUTING,Returning Students [P]
FIN3101B,SECTIONAL TEACHING B4,4,1,1000,1,1000,SCIENCE,Returning Students [P]
FIN3101B,SECTIONAL TEACHING B5,4,0,0,0,0,SCIENCE,Returning Students [P]
FIN3101C,SECTIONAL TEACHING B3,4,0,0,0,0,SCIENCE,Returning Students [P]
FIN3102B,SECTIONAL TEACHING C3,5,3,1,1,1038,SCHOOL OF BUSINESS,Returning Students [P]
FIN3102B,SECTIONAL TEACHING C4,9,2,10,1,100,SCHOOL OF BUSINESS,Returning Students [P]
FIN3102B,SECTIONAL TEACHING C5,8,3,1,1,1000,SCHOOL OF BUSINESS,Returning Students [P]
FIN3103B,SECTIONAL TEACHING E3,3,0,0,0,0,SCIENCE,Returning Students [P]
FIN3115,SECTIONAL TEACHING G1,16,1,20,1,20,SCHOOL OF BUSINESS,Returning Students [P]
FIN3115,SECTIONAL TEACHING G2,13,2,1,1,864,SCHOOL OF BUSINESS,Returning Students [P]
FIN3116,SECTIONAL TEACHING H2,1,2,6,859,859,SCHOOL OF BUSINESS,Returning Students [P]
FIN4111,SECTIONAL TEACHING K1,10,0,0,0,0,SCIENCE,Returning Students [P]
FST2102,LECTURE SL1,7,4,1,1,2,SCIENCE,Returning Students [P]
FST3101,LECTURE SL1,4,1,1,1,1,SCIENCE,Returning Students [P]
FST3102,LECTURE SL1,18,0,0,0,0,SCIENCE,Returning Students [P]
FST3103,LECTURE SL1,4,1,1,1,1,SCIENCE,Returning Students [P]
FST3104,LECTURE SL1,6,2,1,1,2,SCIENCE,Returning Students [P]
FST3202,LECTURE SL1,2,2,10,1,3130,SCIENCE,Returning Students [P]
FST4101,LECTURE SL1,7,0,0,0,0,SCIENCE,Returning Students [P]
GE1101E,LECTURE 1,6,2,1,1,200,ARTS & SOCIAL SCIENCES,Returning Students [P]
GE2204,LECTURE 1,59,1,215,1,215,ARTS & SOCIAL SCIENCES,Returning Students [P]
GE2215,LECTURE 1,6,0,0,0,0,ARTS & SOCIAL SCIENCES,Returning Students [P]
GE2221,LECTURE 1,77,1,1,1,1,ARTS & SOCIAL SCIENCES,Returning Students [P]
GE2226,LECTURE 1,26,0,0,0,0,ARTS & SOCIAL SCIENCES,Returning Students [P]
GE2227,LECTURE 1,31,0,0,0,0,ARTS & SOCIAL SCIENCES,Returning Students [P]
GE2228,LECTURE 1,30,0,0,0,0,ARTS & SOCIAL SCIENCES,Returning Students [P]
GE3204,LECTURE 1,34,0,0,0,0,ARTS & SOCIAL SCIENCES,Returning Students [P]
GE3223,LECTURE 1,17,0,0,0,0,ARTS & SOCIAL SCIENCES,Returning Students [P]
GE3231,LECTURE 1,4,1,200,1,200,ARTS & SOCIAL SCIENCES,Returning Students [P]
GE3235,LECTURE 1,40,0,0,0,0,ARTS & SOCIAL SCIENCES,Returning Students [P]
GE3237,LECTURE 1,15,1,10,1,10,ARTS & SOCIAL SCIENCES,Returning Students [P]
GE3880A,LECTURE 1,44,1,1,1,1,ARTS & SOCIAL SCIENCES,Returning Students [P]
GE4101A,SEMINAR-STYLE MODULE CLASS 1,6,1,500,1,500,ARTS & SOCIAL SCIENCES,Returning Students [P]
GE4101B,SEMINAR-STYLE MODULE CLASS 1,7,2,500,1,1562,ARTS & SOCIAL SCIENCES,Returning Students [P]
GE4203,SEMINAR-STYLE MODULE CLASS 1,27,0,0,0,0,ARTS & SOCIAL SCIENCES,Returning Students [P]
GE4204,SEMINAR-STYLE MODULE CLASS 1,21,1,200,1,200,ARTS & SOCIAL SCIENCES,Returning Students [P]
GE4207,SEMINAR-STYLE MODULE CLASS 1,39,0,0,0,0,ARTS & SOCIAL SCIENCES,Returning Students [P]
GE4213,SEMINAR-STYLE MODULE CLASS 1,44,1,10,1,10,ARTS & SOCIAL SCIENCES,Returning Students [P]
HR2002,SECTIONAL TEACHING E101,8,2,3000,1,3000,ENGINEERING,Returning Students [P]
HR2002,SECTIONAL TEACHING E102,28,3,10,1,1000,ENGINEERING,Returning Students [P]
HR2002,SECTIONAL TEACHING E103,5,2,1,1,1,ENGINEERING,Returning Students [P]
HR2002,SECTIONAL TEACHING E104,22,1,4000,1,4000,ENGINEERING,Returning Students [P]
HR2002,SECTIONAL TEACHING E105,27,2,1,1,100,ENGINEERING,Returning Students [P]
HR2002,SECTIONAL TEACHING E201,26,0,0,0,0,ENGINEERING,Returning Students [P]
HR2002,SECTIONAL TEACHING E202,27,0,0,0,0,ENGINEERING,Returning Students [P]
HR2002,SECTIONAL TEACHING E203,16,0,0,0,0,ENGINEERING,Returning Students [P]
HR2002,SECTIONAL TEACHING E204,40,0,0,0,0,ENGINEERING,Returning Students [P]
HR2002,SECTIONAL TEACHING E205,21,0,0,0,0,ENGINEERING,Returning Students [P]
HR2002,SECTIONAL TEACHING E301,7,2,5,1,10,ENGINEERING,Returning Students [P]
HR2002,SECTIONAL TEACHING E302,22,4,10,1,10,ENGINEERING,Returning Students [P]
HR2002,SECTIONAL TEACHING E303,20,1,1,1,1,ENGINEERING,Returning Students [P]
HR2002,SECTIONAL TEACHING E304,22,0,0,0,0,ENGINEERING,Returning Students [P]
HR2002,SECTIONAL TEACHING E305,31,1,1,1,1,ENGINEERING,Returning Students [P]
HR2002,SECTIONAL TEACHING E401,8,0,0,0,0,ENGINEERING,Returning Students [P]
HR2002,SECTIONAL TEACHING E402,32,0,0,0,0,ENGINEERING,Returning Students [P]
HR2002,SECTIONAL TEACHING E403,29,4,19,1,1001,ENGINEERING,Returning Students [P]
HR2002,SECTIONAL TEACHING E404,26,0,0,0,0,ENGINEERING,Returning Students [P]
HR2002,SECTIONAL TEACHING E405,31,0,0,0,0,ENGINEERING,Returning Students [P]
HY2206,LECTURE 1,16,0,0,0,0,ARTS & SOCIAL SCIENCES,Returning Students [P]
HY2208,LECTURE 1,32,0,0,0,0,ARTS & SOCIAL SCIENCES,Returning Students [P]
HY2229,LECTURE 1,38,1,1,1,1,ARTS & SOCIAL SCIENCES,Returning Students [P]
HY2231,LECTURE 1,11,1,303,1,303,ARTS & SOCIAL SCIENCES,Returning Students [P]
HY2237,LECTURE 1,4,0,0,0,0,ARTS & SOCIAL SCIENCES,Returning Students [P]
HY2242,LECTURE 1,3,2,200,1,2276,ARTS & SOCIAL SCIENCES,Returning Students [P]
HY2243,LECTURE 1,144,0,0,0,0,ARTS & SOCIAL SCIENCES,Returning Students [P]
HY2246,LECTURE 1,57,0,0,0,0,ARTS & SOCIAL SCIENCES,Returning Students [P]
HY2248,LECTURE 1,15,0,0,0,0,ARTS & SOCIAL SCIENCES,Returning Students [P]
HY2249,LECTURE 1,31,0,0,0,0,ARTS & SOCIAL SCIENCES,Returning Students [P]
HY2250,LECTURE 1,46,0,0,0,0,ARTS & SOCIAL SCIENCES,Returning Students [P]
HY3227,LECTURE 1,6,2,200,1,303,ARTS & SOCIAL SCIENCES,Returning Students [P]
HY3231,LECTURE 1,28,1,1,1,1,ARTS & SOCIAL SCIENCES,Returning Students [P]
HY3238,LECTURE 1,3,1,1,1,1,ARTS & SOCIAL SCIENCES,Returning Students [P]
HY3241,LECTURE 1,15,0,0,0,0,ARTS & SOCIAL SCIENCES,Returning Students [P]
HY3244,LECTURE 1,30,0,0,0,0,ARTS & SOCIAL SCIENCES,Returning Students [P]
HY4101,LECTURE 1,21,0,0,0,0,ARTS & SOCIAL SCIENCES,Returning Students [P]
HY4209,LECTURE 1,4,1,10,1,10,ARTS & SOCIAL SCIENCES,Returning Students [P]
HY4210,LECTURE 1,2,0,0,0,0,ARTS & SOCIAL SCIENCES,Returning Students [P]
HY4212,LECTURE 1,12,1,1,1,1,ARTS & SOCIAL SCIENCES,Returning Students [P]
HY4214,LECTURE 1,19,1,1,1,1,ARTS & SOCIAL SCIENCES,Returning Students [P]
ID2103,DESIGN TUTORIAL 1,11,1,1,1,1,SCHOOL OF DESIGN AND ENVIRONMENT,Returning Students [P]
ID2111,DESIGN TUTORIAL 1,13,1,1,1,1,SCHOOL OF DESIGN AND ENVIRONMENT,Returning Students [P]
ID2122,PACKAGED LECTURE 1,12,1,1,1,1,SCHOOL OF DESIGN AND ENVIRONMENT,Returning Students [P]
ID2321,PACKAGED LECTURE 1,13,1,1,1,1,SCHOOL OF DESIGN AND ENVIRONMENT,Returning Students [P]
ID3103,DESIGN TUTORIAL 1,7,0,0,0,0,SCHOOL OF DESIGN AND ENVIRONMENT,Returning Students [P]
ID3121,DESIGN TUTORIAL 1,18,1,1,1,1,SCHOOL OF DESIGN AND ENVIRONMENT,Returning Students [P]
ID3122,PACKAGED LECTURE 1,9,1,2,1,2,SCHOOL OF DESIGN AND ENVIRONMENT,Returning Students [P]
ID4103,DESIGN TUTORIAL 1,8,2,1,1,2,SCHOOL OF DESIGN AND ENVIRONMENT,Returning Students [P]
ID4121,DESIGN TUTORIAL 1,10,2,1,1,2,SCHOOL OF DESIGN AND ENVIRONMENT,Returning Students [P]
IE2110,LECTURE 1,28,0,0,0,0,ENGINEERING,Returning Students [P]
IE2110E,LECTURE 1,10,0,0,0,0,ENGINEERING,Returning Students [P]
IE3101,LECTURE 1,15,2,1,1,1,ENGINEERING,Returning Students [P]
IE3110E,LECTURE 1,10,0,0,0,0,ENGINEERING,Returning Students [P]
IE3120,LECTURE 1,31,1,800,1,800,ENGINEERING,Returning Students [P]
IE4210,LECTURE 1,12,2,1,1,11,ENGINEERING,Returning Students [P]
IE4240,LECTURE 1,15,0,0,0,0,ENGINEERING,Returning Students [P]
IE5301,LECTURE 1,10,1,1,1,1,ENGINEERING,Returning Students [P]
IT1002,LECTURE 1,7,0,0,0,0,ARTS & SOCIAL SCIENCES,Returning Students [P]
,,31,0,0,0,0,SCIENCE,Returning Students [P]
IT2002,LECTURE 1,15,0,0,0,0,ARTS & SOCIAL SCIENCES,Returning Students [P]
,,20,0,0,0,0,SCIENCE,Returning Students [P]
JS2203,LECTURE 1,7,1,6,1,6,ARTS & SOCIAL SCIENCES,Returning Students [P]
JS2216,LECTURE 1,88,0,0,0,0,ARTS & SOCIAL SCIENCES,Returning Students [P]
JS2228,LECTURE 1,88,1,23,1,23,ARTS & SOCIAL SCIENCES,Returning Students [P]
JS3210,SEMINAR-STYLE MODULE CLASS 1,10,0,0,0,0,ARTS & SOCIAL SCIENCES,Returning Students [P]
JS3214,SEMINAR-STYLE MODULE CLASS 1,9,0,0,0,0,ARTS & SOCIAL SCIENCES,Returning Students [P]
JS3225,LECTURE 1,18,1,10,1,10,ARTS & SOCIAL SCIENCES,Returning Students [P]
JS4207,SEMINAR-STYLE MODULE CLASS 1,6,0,0,0,0,ARTS & SOCIAL SCIENCES,Returning Students [P]
JS4213,SEMINAR-STYLE MODULE CLASS 1,5,0,0,0,0,ARTS & SOCIAL SCIENCES,Returning Students [P]
JS4214,SEMINAR-STYLE MODULE CLASS 1,2,0,0,0,0,ARTS & SOCIAL SCIENCES,Returning Students [P]
JS4216,SEMINAR-STYLE MODULE CLASS 1,5,0,0,0,0,ARTS & SOCIAL SCIENCES,Returning Students [P]
JS4221,SEMINAR-STYLE MODULE CLASS 1,3,0,0,0,0,ARTS & SOCIAL SCIENCES,Returning Students [P]
JS4227,SEMINAR-STYLE MODULE CLASS 1,3,0,0,0,0,ARTS & SOCIAL SCIENCES,Returning Students [P]
LA4201,LECTURE 1,6,0,0,0,0,SCHOOL OF DESIGN AND ENVIRONMENT,Returning Students [P]
LA4301,LECTURE 1,7,0,0,0,0,SCHOOL OF DESIGN AND ENVIRONMENT,Returning Students [P]
LA4701,DESIGN TUTORIAL 1,7,0,0,0,0,SCHOOL OF DESIGN AND ENVIRONMENT,Returning Students [P]
LAB1201,LECTURE 1,80,0,0,0,0,ARTS & SOCIAL SCIENCES,Returning Students [P]
LAB2201,LECTURE 1,40,0,0,0,0,ARTS & SOCIAL SCIENCES,Returning Students [P]
LAB3201,LECTURE 1,14,0,0,0,0,ARTS & SOCIAL SCIENCES,Returning Students [P]
LAB3202,LECTURE 1,10,0,0,0,0,ARTS & SOCIAL SCIENCES,Returning Students [P]
LAB4201,LECTURE 1,10,0,0,0,0,ARTS & SOCIAL SCIENCES,Returning Students [P]
LAC2201,LECTURE 1,19,0,0,0,0,ARTS & SOCIAL SCIENCES,Returning Students [P]
LAC2201,LECTURE 2,19,0,0,0,0,ARTS & SOCIAL SCIENCES,Returning Students [P]
LAC2201,LECTURE 3,19,0,0,0,0,ARTS & SOCIAL SCIENCES,Returning Students [P]
LAC2202,LECTURE 1,3,0,0,0,0,ARTS & SOCIAL SCIENCES,Returning Students [P]
LAC3201,LECTURE 1,18,0,0,0,0,ARTS & SOCIAL SCIENCES,Returning Students [P]
LAC3202,LECTURE 1,8,0,0,0,0,ARTS & SOCIAL SCIENCES,Returning Students [P]
LAC4201,LECTURE 1,8,0,0,0,0,ARTS & SOCIAL SCIENCES,Returning Students [P]
LAF1201,LECTURE 1,3,0,0,0,0,ARTS & SOCIAL SCIENCES,Returning Students [P]
LAF1201,LECTURE 2,2,0,0,0,0,ARTS & SOCIAL SCIENCES,Returning Students [P]
LAF1201,LECTURE 3,3,0,0,0,0,ARTS & SOCIAL SCIENCES,Returning Students [P]
LAF1201,LECTURE 4,4,0,0,0,0,ARTS & SOCIAL SCIENCES,Returning Students [P]
LAF1201,LECTURE 5,3,0,0,0,0,ARTS & SOCIAL SCIENCES,Returning Students [P]
LAF1201,LECTURE 6,3,0,0,0,0,ARTS & SOCIAL SCIENCES,Returning Students [P]
LAF1201,LECTURE 7,3,0,0,0,0,ARTS & SOCIAL SCIENCES,Returning Students [P]
LAF1201,LECTURE 8,6,0,0,0,0,ARTS & SOCIAL SCIENCES,Returning Students [P]
LAF1201,LECTURE 9,5,0,0,0,0,ARTS & SOCIAL SCIENCES,Returning Students [P]
LAF2201,LECTURE 1,21,0,0,0,0,ARTS & SOCIAL SCIENCES,Returning Students [P]
LAF2201,LECTURE 2,22,0,0,0,0,ARTS & SOCIAL SCIENCES,Returning Students [P]
LAF2201,LECTURE 3,23,0,0,0,0,ARTS & SOCIAL SCIENCES,Returning Students [P]
LAF3201,LECTURE 1,3,0,0,0,0,ARTS & SOCIAL SCIENCES,Returning Students [P]
LAF3201,LECTURE 2,4,0,0,0,0,ARTS & SOCIAL SCIENCES,Returning Students [P]
LAF3201,LECTURE 3,5,0,0,0,0,ARTS & SOCIAL SCIENCES,Returning Students [P]
LAF3201,LECTURE 4,4,0,0,0,0,ARTS & SOCIAL SCIENCES,Returning Students [P]
LAF4201,LECTURE 1,12,0,0,0,0,ARTS & SOCIAL SCIENCES,Returning Students [P]
LAG1201,LECTURE 1,4,0,0,0,0,ARTS & SOCIAL SCIENCES,Returning Students [P]
LAG1201,LECTURE 10,3,0,0,0,0,ARTS & SOCIAL SCIENCES,Returning Students [P]
LAG1201,LECTURE 2,4,0,0,0,0,ARTS & SOCIAL SCIENCES,Returning Students [P]
LAG1201,LECTURE 3,3,0,0,0,0,ARTS & SOCIAL SCIENCES,Returning Students [P]
LAG1201,LECTURE 4,3,0,0,0,0,ARTS & SOCIAL SCIENCES,Returning Students [P]
LAG1201,LECTURE 5,3,0,0,0,0,ARTS & SOCIAL SCIENCES,Returning Students [P]
LAG1201,LECTURE 6,5,0,0,0,0,ARTS & SOCIAL SCIENCES,Returning Students [P]
LAG1201,LECTURE 7,5,0,0,0,0,ARTS & SOCIAL SCIENCES,Returning Students [P]
LAG1201,LECTURE 8,4,0,0,0,0,ARTS & SOCIAL SCIENCES,Returning Students [P]
LAG1201,LECTURE 9,3,0,0,0,0,ARTS & SOCIAL SCIENCES,Returning Students [P]
LAG2201,LECTURE 1,13,0,0,0,0,ARTS & SOCIAL SCIENCES,Returning Students [P]
LAG2201,LECTURE 2,13,0,0,0,0,ARTS & SOCIAL SCIENCES,Returning Students [P]
LAG3201,LECTURE 1,7,0,0,0,0,ARTS & SOCIAL SCIENCES,Returning Students [P]
LAG3201,LECTURE 2,7,0,0,0,0,ARTS & SOCIAL SCIENCES,Returning Students [P]
LAG3201,LECTURE 3,6,0,0,0,0,ARTS & SOCIAL SCIENCES,Returning Students [P]
LAG3201,LECTURE 4,6,0,0,0,0,ARTS & SOCIAL SCIENCES,Returning Students [P]
LAG4201,LECTURE 1,11,0,0,0,0,ARTS & SOCIAL SCIENCES,Returning Students [P]
LAH1201,LECTURE 1,10,1,1,1,1,ARTS & SOCIAL SCIENCES,Returning Students [P]
LAJ1201,LECTURE 1,14,0,0,0,0,ARTS & SOCIAL SCIENCES,Returning Students [P]
LAJ1201,LECTURE 2,14,0,0,0,0,ARTS & SOCIAL SCIENCES,Returning Students [P]
LAJ2201,LECTURE 1,20,0,0,0,0,ARTS & SOCIAL SCIENCES,Returning Students [P]
LAJ2201,LECTURE 2,20,0,0,0,0,ARTS & SOCIAL SCIENCES,Returning Students [P]
LAJ2202,LECTURE 1,22,0,0,0,0,ARTS & SOCIAL SCIENCES,Returning Students [P]
LAJ2203,LECTURE 1,24,2,1,1,12,ARTS & SOCIAL SCIENCES,Returning Students [P]
LAJ3201,LECTURE 1,9,0,0,0,0,ARTS & SOCIAL SCIENCES,Returning Students [P]
LAJ3203,LECTURE 1,7,0,0,0,0,ARTS & SOCIAL SCIENCES,Returning Students [P]
LAK1201,LECTURE 1,5,0,0,0,0,ARTS & SOCIAL SCIENCES,Returning Students [P]
LAK1201,LECTURE 2,5,0,0,0,0,ARTS & SOCIAL SCIENCES,Returning Students [P]
LAK1201,LECTURE 3,4,0,0,0,0,ARTS & SOCIAL SCIENCES,Returning Students [P]
LAL1201,LECTURE 1,10,0,0,0,0,ARTS & SOCIAL SCIENCES,Returning Students [P]
LAL2201,LECTURE 1,5,0,0,0,0,ARTS & SOCIAL SCIENCES,Returning Students [P]
LAM1201,LECTURE 1,40,0,0,0,0,ARTS & SOCIAL SCIENCES,Returning Students [P]
LAM2201,LECTURE 1,12,0,0,0,0,ARTS & SOCIAL SCIENCES,Returning Students [P]
LAM3201,LECTURE 1,5,0,0,0,0,ARTS & SOCIAL SCIENCES,Returning Students [P]
LAT1201,LECTURE 1,50,0,0,0,0,ARTS & SOCIAL SCIENCES,Returning Students [P]
LAT2201,LECTURE 1,15,0,0,0,0,ARTS & SOCIAL SCIENCES,Returning Students [P]
LAT3201,LECTURE 1,2,0,0,0,0,ARTS & SOCIAL SCIENCES,Returning Students [P]
LAT3202,LECTURE 1,3,0,0,0,0,ARTS & SOCIAL SCIENCES,Returning Students [P]
LAT4201,LECTURE 1,2,0,0,0,0,ARTS & SOCIAL SCIENCES,Returning Students [P]
LAV1201,LECTURE 1,20,0,0,0,0,ARTS & SOCIAL SCIENCES,Returning Students [P]
LAV2201,LECTURE 1,6,0,0,0,0,ARTS & SOCIAL SCIENCES,Returning Students [P]
LAV3201,LECTURE 1,5,0,0,0,0,ARTS & SOCIAL SCIENCES,Returning Students [P]
LAV3202,LECTURE 1,4,0,0,0,0,ARTS & SOCIAL SCIENCES,Returning Students [P]
LSM1101,LECTURE SL1,260,0,0,0,0,SCIENCE,Returning Students [P]
LSM1301,LECTURE SL1,1,1,1,1,1,SCIENCE,Returning Students [P]
LSM1301,LECTURE SL2,20,1,20,1,20,SCIENCE,Returning Students [P]
LSM1302,LECTURE SL1,18,2,11,1,151,SCIENCE,Returning Students [P]
,,14,2,11,1,300,SCHOOL OF COMPUTING,Returning Students [P]
LSM1302,LECTURE SL2,10,3,1,1,176,SCIENCE,Returning Students [P]
,,23,0,0,0,0,SCHOOL OF COMPUTING,Returning Students [P]
LSM1304,LECTURE SL1,13,0,0,0,0,SCIENCE,Returning Students [P]
,,9,0,0,0,0,SCHOOL OF COMPUTING,Returning Students [P]
LSM1401,LECTURE SL1,211,21,1,1,500,ENGINEERING,Returning Students [P]
LSM2101,LECTURE SL1,251,0,0,0,0,SCIENCE,Returning Students [P]
LSM2103,LECTURE SL1,310,0,0,0,0,SCIENCE,Returning Students [P]
LSM2104,LECTURE SL1,300,0,0,0,0,SCIENCE,Returning Students [P]
LSM2201,LECTURE SL1,157,6,1,1,500,SCIENCE,Returning Students [P]
LSM3231,LECTURE SL1,31,6,50,1,1003,SCIENCE,Returning Students [P]
LSM3232,LECTURE SL1,9,10,500,500,1800,SCIENCE,Returning Students [P]
LSM3233,LECTURE SL1,81,16,1,1,1003,SCIENCE,Returning Students [P]
LSM3244,LECTURE SL1,100,8,1,1,500,SCIENCE,Returning Students [P]
LSM3251,LECTURE SL1,34,7,1,1,500,SCIENCE,Returning Students [P]
LSM3252,LECTURE SL1,27,9,1,1,1000,SCIENCE,Returning Students [P]
LSM3253,LECTURE SL1,28,3,1,1,10,SCIENCE,Returning Students [P]
LSM3261,LECTURE SL1,41,9,1,1,1000,SCIENCE,Returning Students [P]
LSM3401A,LECTURE SL1,20,0,0,0,0,ENGINEERING,Returning Students [P]
LSM4211,LECTURE SL1,13,2,1,1,1000,SCIENCE,Returning Students [P]
LSM4212,LECTURE SL1,16,2,1,1,1000,SCIENCE,Returning Students [P]
LSM4213,LECTURE SL1,61,0,0,0,0,SCIENCE,Returning Students [P]
LSM4222,LECTURE SL1,24,2,500,1,1858,SCIENCE,Returning Students [P]
LSM4232,LECTURE SL1,73,2,20,1,500,SCIENCE,Returning Students [P]
LSM4241,LECTURE SL1,14,1,1,1,1,SCIENCE,Returning Students [P]
LSM4242,LECTURE SL1,14,1,1804,1,1804,SCIENCE,Returning Students [P]
LSM4251,LECTURE SL1,12,0,0,0,0,SCIENCE,Returning Students [P]
LSM4252,LECTURE SL1,51,0,0,0,0,SCIENCE,Returning Students [P]
LSM4261,LECTURE SL1,9,0,0,0,0,SCIENCE,Returning Students [P]
MA1100,LECTURE SL1,5,0,0,0,0,SCIENCE,Returning Students [P]
MA1102R,LECTURE SL1,9,1,1,1,1,SCIENCE,Returning Students [P]
MA1102R,LECTURE SL2,9,0,0,0,0,SCIENCE,Returning Students [P]
MA1104,LECTURE SL1,78,0,0,0,0,SCIENCE,Returning Students [P]
MA1301,LECTURE SL1,20,0,0,0,0,SCHOOL OF COMPUTING,Returning Students [P]
MA1301,LECTURE SL2,15,0,0,0,0,SCHOOL OF COMPUTING,Returning Students [P]
MA1311,LECTURE SL1,24,0,0,0,0,SCIENCE,Returning Students [P]
MA1421,LECTURE SL1,381,0,0,0,0,SCIENCE,Returning Students [P]
MA1505,LECTURE SL1,15,0,0,0,0,SCIENCE,Returning Students [P]
,,30,0,0,0,0,SCHOOL OF COMPUTING,Returning Students [P]
MA1506,LECTURE SL1,44,0,0,0,0,SCIENCE,Returning Students [P]
MA2101,LECTURE SL1,30,1,100,1,100,SCIENCE,Returning Students [P]
MA2216,LECTURE SL1,69,4,1,1,50,SCIENCE,Returning Students [P]
MA2219,LECTURE SL1,40,4,1,1,10,SCIENCE,Returning Students [P]
MA2222,LECTURE SL1,180,120,1,1,1761,SCIENCE,Returning Students [P]
MA3111,LECTURE SL1,58,6,1,1,200,SCIENCE,Returning Students [P]
MA3205,LECTURE SL1,5,3,100,1,508,SCIENCE,Returning Students [P]
MA3209,LECTURE SL1,22,1,1,1,1,SCIENCE,Returning Students [P]
MA3220,LECTURE SL1,50,3,1,1,1003,SCIENCE,Returning Students [P]
MA3227,LECTURE SL1,8,0,0,0,0,SCIENCE,Returning Students [P]
,,5,2,1,1,1,ENGINEERING,Returning Students [P]
MA3233,LECTURE SL1,67,4,1,1,100,SCIENCE,Returning Students [P]
MA3264,LECTURE SL1,20,5,1,1,302,SCIENCE,Returning Students [P]
MA4230,LECTURE SL1,18,0,0,0,0,SCIENCE,Returning Students [P]
MA4252,LECTURE SL1,16,2,10,1,50,SCIENCE,Returning Students [P]
MA4257,LECTURE SL1,11,3,100,1,101,SCIENCE,Returning Students [P]
MA4260,LECTURE SL1,17,1,657,1,657,SCIENCE,Returning Students [P]
MA4262,LECTURE SL1,18,1,1,1,1,SCIENCE,Returning Students [P]
MA4267,LECTURE SL1,18,2,1,1,100,SCIENCE,Returning Students [P]
MA4291,LECTURE SL1,22,1,101,1,101,SCIENCE,Returning Students [P]
MA5205,LECTURE SL1,3,0,0,0,0,SCIENCE,Returning Students [P]
MA5233,LECTURE SL1,3,0,0,0,0,SCIENCE,Returning Students [P]
MA5237,LECTURE SL1,3,0,0,0,0,SCIENCE,Returning Students [P]
MA5242,LECTURE SL1,3,0,0,0,0,SCIENCE,Returning Students [P]
ME2101E,LECTURE 1,35,0,0,0,0,ENGINEERING,Returning Students [P]
ME2103,LECTURE 1,118,2,1,1,1,ENGINEERING,Returning Students [P]
ME2113,LECTURE 1,71,1,1,1,1,ENGINEERING,Returning Students [P]
ME2121,LECTURE 1,127,3,1,1,1,ENGINEERING,Returning Students [P]
ME2121E,LECTURE 1,7,0,0,0,0,ENGINEERING,Returning Students [P]
ME2134,LECTURE 1,65,2,1,1,1,ENGINEERING,Returning Students [P]
ME2134E,LECTURE 1,32,0,0,0,0,ENGINEERING,Returning Students [P]
ME2143,LECTURE 1,108,5,1,1,100,ENGINEERING,Returning Students [P]
ME2143E,LECTURE 1,20,0,0,0,0,ENGINEERING,Returning Students [P]
ME2151,LECTURE 1,166,12,1,1,100,ENGINEERING,Returning Students [P]
ME2151E,LECTURE 1,3,0,0,0,0,ENGINEERING,Returning Students [P]
ME3101,LECTURE 1,193,11,1,1,100,ENGINEERING,Returning Students [P]
ME3112,LECTURE 1,177,10,1,1,100,ENGINEERING,Returning Students [P]
ME3122,LECTURE 1,194,16,1,1,3515,ENGINEERING,Returning Students [P]
ME3162,LECTURE 1,179,13,1,1,100,ENGINEERING,Returning Students [P]
ME3162E,LECTURE 1,15,0,0,0,0,ENGINEERING,Returning Students [P]
ME3211,LECTURE 1,85,3,1,1,1000,ENGINEERING,Returning Students [P]
ME3211E,LECTURE 1,48,0,0,0,0,ENGINEERING,Returning Students [P]
ME3242,LECTURE 1,99,8,1,1,3414,ENGINEERING,Returning Students [P]
ME3242E,LECTURE 1,53,0,0,0,0,ENGINEERING,Returning Students [P]
ME3261,LECTURE 1,67,7,1,1,2620,ENGINEERING,Returning Students [P]
ME3261E,LECTURE 1,43,1,1,1,1,ENGINEERING,Returning Students [P]
ME3263,LECTURE 1,77,9,1,1,1500,ENGINEERING,Returning Students [P]
ME3263E,LECTURE 1,36,0,0,0,0,ENGINEERING,Returning Students [P]
ME4101A,LECTURE 1,168,9,1,1,3210,ENGINEERING,Returning Students [P]
ME4211,LECTURE 1,35,0,0,0,0,ENGINEERING,Returning Students [P]
ME4223,LECTURE 1,18,4,20,1,200,ENGINEERING,Returning Students [P]
ME4226,LECTURE 1,44,0,0,0,0,ENGINEERING,Returning Students [P]
ME4233,LECTURE 1,19,0,0,0,0,ENGINEERING,Returning Students [P]
ME4234,LECTURE 1,9,0,0,0,0,ENGINEERING,Returning Students [P]
ME4234E,LECTURE 1,49,0,0,0,0,ENGINEERING,Returning Students [P]
ME4245,LECTURE 1,71,3,1,1,1500,ENGINEERING,Returning Students [P]
ME4245E,LECTURE 1,57,0,0,0,0,ENGINEERING,Returning Students [P]
ME4251,LECTURE 1,29,6,2,1,1000,ENGINEERING,Returning Students [P]
ME4251E,LECTURE 1,16,2,2,1,1000,ENGINEERING,Returning Students [P]
ME4254E,LECTURE 1,2,2,1,1,10,ENGINEERING,Returning Students [P]
ME4283,LECTURE 1,53,0,0,0,0,ENGINEERING,Returning Students [P]
ME4283E,LECTURE 1,49,0,0,0,0,ENGINEERING,Returning Students [P]
ME4293,LECTURE 1,51,0,0,0,0,ENGINEERING,Returning Students [P]
MKT1003,LECTURE C1,19,12,1,1,2064,ENGINEERING,Returning Students [P]
,,8,1,500,1,500,SCHOOL OF COMPUTING,Returning Students [P]
,,54,1,1,1,1,SCHOOL OF BUSINESS,Returning Students [P]
MKT1003,LECTURE C2,13,9,1,1,2001,ENGINEERING,Returning Students [P]
,,2,0,0,0,0,SCHOOL OF COMPUTING,Returning Students [P]
,,54,2,10,1,51,SCHOOL OF BUSINESS,Returning Students [P]
MKT1003,LECTURE C3,8,0,0,0,0,SCHOOL OF COMPUTING,Returning Students [P]
,,55,2,1,1,1,SCHOOL OF BUSINESS,Returning Students [P]
MKT2411,SECTIONAL TEACHING B1,5,5,20,1,500,SCHOOL OF BUSINESS,Returning Students [P]
MKT2411,SECTIONAL TEACHING B2,16,12,2,1,1096,SCHOOL OF BUSINESS,Returning Students [P]
MKT2413,SECTIONAL TEACHING D1,22,3,1,1,10,SCHOOL OF BUSINESS,Returning Students [P]
MKT2413,SECTIONAL TEACHING D2,24,5,1,1,1000,SCHOOL OF BUSINESS,Returning Students [P]
MKT3402A,SECTIONAL TEACHING E1,2,1,5,1,5,SCIENCE,Returning Students [P]
MKT3402B,SECTIONAL TEACHING E3,2,0,0,0,0,SCIENCE,Returning Students [P]
MKT3416,SECTIONAL TEACHING G1,10,8,100,1,1850,SCHOOL OF BUSINESS,Returning Students [P]
MKT4412,SECTIONAL TEACHING K1,9,1,200,1,200,SCHOOL OF BUSINESS,Returning Students [P]
MLE2101,LECTURE 1,5,0,0,0,0,SCIENCE,Returning Students [P]
,,34,5,1,1,500,ENGINEERING,Returning Students [P]
MLE2102,LECTURE 1,5,0,0,0,0,SCIENCE,Returning Students [P]
,,22,5,1,1,500,ENGINEERING,Returning Students [P]
MLE2106,LECTURE 1,5,0,0,0,0,SCIENCE,Returning Students [P]
,,26,0,0,0,0,ENGINEERING,Returning Students [P]
MLE2107,LECTURE 1,5,0,0,0,0,SCIENCE,Returning Students [P]
,,31,0,0,0,0,ENGINEERING,Returning Students [P]
MLE3102,LECTURE 1,34,0,0,0,0,ENGINEERING,Returning Students [P]
MLE3103,LECTURE 1,14,1,100,1,100,ENGINEERING,Returning Students [P]
MLE3104,LECTURE 1,5,0,0,0,0,SCIENCE,Returning Students [P]
,,35,0,0,0,0,ENGINEERING,Returning Students [P]
MLE3105,LECTURE 1,5,0,0,0,0,SCIENCE,Returning Students [P]
,,52,0,0,0,0,ENGINEERING,Returning Students [P]
MLE4102,LECTURE 1,10,0,0,0,0,ENGINEERING,Returning Students [P]
MLE4201,LECTURE 1,9,0,0,0,0,ENGINEERING,Returning Students [P]
MLE4205,LECTURE 1,17,0,0,0,0,ENGINEERING,Returning Students [P]
MNO1001,LECTURE A1,7,0,0,0,0,SCHOOL OF BUSINESS,Returning Students [P]
MNO1001,LECTURE A2,5,2,50,1,50,SCHOOL OF COMPUTING,Returning Students [P]
,,26,0,0,0,0,SCHOOL OF BUSINESS,Returning Students [P]
MNO2311,SECTIONAL TEACHING B1,3,0,0,0,0,ENGINEERING,Returning Students [P]
,,8,6,2,1,1184,SCHOOL OF BUSINESS,Returning Students [P]
MNO2311,SECTIONAL TEACHING B2,2,0,0,0,0,ENGINEERING,Returning Students [P]
,,7,3,1,1,10,SCHOOL OF BUSINESS,Returning Students [P]
MNO2311,SECTIONAL TEACHING B3,4,0,0,0,0,ENGINEERING,Returning Students [P]
MNO3301,SECTIONAL TEACHING C1,2,3,1,10,400,SCHOOL OF BUSINESS,Returning Students [P]
MNO3301,SECTIONAL TEACHING C2,10,0,0,0,0,SCHOOL OF BUSINESS,Returning Students [P]
MNO3301,SECTIONAL TEACHING C3,5,3,5,1,259,SCHOOL OF BUSINESS,Returning Students [P]
MNO3303,SECTIONAL TEACHING D1,14,3,1,1,427,SCHOOL OF BUSINESS,Returning Students [P]
MNO3303,SECTIONAL TEACHING D2,13,0,0,0,0,SCHOOL OF BUSINESS,Returning Students [P]
MNO3303,SECTIONAL TEACHING D3,11,4,1,1,711,SCHOOL OF BUSINESS,Returning Students [P]
MNO3313A,SECTIONAL TEACHING E1,16,0,0,0,0,SCHOOL OF BUSINESS,Returning Students [P]
MNO3313C,SECTIONAL TEACHING F1,16,1,200,1,200,SCHOOL OF BUSINESS,Returning Students [P]
MNO3313G,SECTIONAL TEACHING J1,15,0,0,0,0,SCHOOL OF BUSINESS,Returning Students [P]
MNO3313H,SECTIONAL TEACHING H2,14,4,1,1,251,SCHOOL OF BUSINESS,Returning Students [P]
MS1102E,LECTURE 1,4,1,10,1,10,ARTS & SOCIAL SCIENCES,Returning Students [P]
MS3209,LECTURE 1,69,0,0,0,0,ARTS & SOCIAL SCIENCES,Returning Students [P]
MS3210,LECTURE 1,14,0,0,0,0,ARTS & SOCIAL SCIENCES,Returning Students [P]
MS3211,LECTURE 1,18,0,0,0,0,ARTS & SOCIAL SCIENCES,Returning Students [P]
MS4101,LECTURE 1,6,0,0,0,0,ARTS & SOCIAL SCIENCES,Returning Students [P]
MS4203,LECTURE 1,6,0,0,0,0,ARTS & SOCIAL SCIENCES,Returning Students [P]
MS4660,LECTURE 1,6,0,0,0,0,ARTS & SOCIAL SCIENCES,Returning Students [P]
MUA1163,SECTIONAL TEACHING 1,15,0,0,0,0,YONG SIEW TOH CONSERVATORY OF MUSIC,Returning Students [P]
MUA1163,SECTIONAL TEACHING 2,11,1,238,1,238,YONG SIEW TOH CONSERVATORY OF MUSIC,Returning Students [P]
MUA1163,SECTIONAL TEACHING 3,15,1,1,1,1,YONG SIEW TOH CONSERVATORY OF MUSIC,Returning Students [P]
MUA2111,SECTIONAL TEACHING 1,2,1,1,1,1,YONG SIEW TOH CONSERVATORY OF MUSIC,Returning Students [P]
MUA2113,SECTIONAL TEACHING 1,6,0,0,0,0,YONG SIEW TOH CONSERVATORY OF MUSIC,Returning Students [P]
MUA2207,SECTIONAL TEACHING 1,5,0,0,0,0,YONG SIEW TOH CONSERVATORY OF MUSIC,Returning Students [P]
MUA3105,SECTIONAL TEACHING 1,3,2,50,1,100,YONG SIEW TOH CONSERVATORY OF MUSIC,Returning Students [P]
MUA3111,SECTIONAL TEACHING 1,4,0,0,0,0,YONG SIEW TOH CONSERVATORY OF MUSIC,Returning Students [P]
MUA3113,SECTIONAL TEACHING 1,2,0,0,0,0,YONG SIEW TOH CONSERVATORY OF MUSIC,Returning Students [P]
MUA3209,SECTIONAL TEACHING 1,11,2,1,1,1000,YONG SIEW TOH CONSERVATORY OF MUSIC,Returning Students [P]
MUA3210,SECTIONAL TEACHING 1,8,0,0,0,0,YONG SIEW TOH CONSERVATORY OF MUSIC,Returning Students [P]
MUA4113,SECTIONAL TEACHING 1,1,0,0,0,0,YONG SIEW TOH CONSERVATORY OF MUSIC,Returning Students [P]
MUA4203,SECTIONAL TEACHING 1,7,0,0,0,0,YONG SIEW TOH CONSERVATORY OF MUSIC,Returning Students [P]
MUH2115,LECTURE 1,26,0,0,0,0,YONG SIEW TOH CONSERVATORY OF MUSIC,Returning Students [P]
MUH2115,LECTURE 2,28,0,0,0,0,YONG SIEW TOH CONSERVATORY OF MUSIC,Returning Students [P]
MUH3205,SECTIONAL TEACHING 1,15,6,1,1,1000,YONG SIEW TOH CONSERVATORY OF MUSIC,Returning Students [P]
MUL2101,SECTIONAL TEACHING 1,19,0,0,0,0,YONG SIEW TOH CONSERVATORY OF MUSIC,Returning Students [P]
MUL2101,SECTIONAL TEACHING 2,18,0,0,0,0,YONG SIEW TOH CONSERVATORY OF MUSIC,Returning Students [P]
MUL2101,SECTIONAL TEACHING 3,20,0,0,0,0,YONG SIEW TOH CONSERVATORY OF MUSIC,Returning Students [P]
MUL3202,SECTIONAL TEACHING 1,14,0,0,0,0,YONG SIEW TOH CONSERVATORY OF MUSIC,Returning Students [P]
MUL3202,SECTIONAL TEACHING 2,9,1,1,1,1,YONG SIEW TOH CONSERVATORY OF MUSIC,Returning Students [P]
MUL3202,SECTIONAL TEACHING 3,6,0,0,0,0,YONG SIEW TOH CONSERVATORY OF MUSIC,Returning Students [P]
MUT2209,SECTIONAL TEACHING 1,4,2,1,1,1,YONG SIEW TOH CONSERVATORY OF MUSIC,Returning Students [P]
NM1101E,LECTURE 1,13,0,0,0,0,SCHOOL OF COMPUTING,Returning Students [P]
NM2101,LECTURE 1,12,1,2,1,2,ARTS & SOCIAL SCIENCES,Returning Students [P]
,,2,3,5,1000,1573,SCHOOL OF COMPUTING,Returning Students [P]
NM2102,LECTURE 1,55,0,0,0,0,ARTS & SOCIAL SCIENCES,Returning Students [P]
,,5,0,0,0,0,SCHOOL OF COMPUTING,Returning Students [P]
NM2201,LECTURE 1,10,0,0,0,0,SCHOOL OF COMPUTING,Returning Students [P]
NM2210,LECTURE 1,11,0,0,0,0,SCHOOL OF COMPUTING,Returning Students [P]
NM2216,LECTURE 1,11,6,10,1,500,ARTS & SOCIAL SCIENCES,Returning Students [P]
,,2,1,1,1,1,ENGINEERING,Returning Students [P]
,,13,0,0,0,0,SCHOOL OF COMPUTING,Returning Students [P]
NM2217,LECTURE 1,5,0,0,0,0,ENGINEERING,Returning Students [P]
,,8,0,0,0,0,SCHOOL OF COMPUTING,Returning Students [P]
NM2219,LECTURE 1,36,2,1,1,11,ARTS & SOCIAL SCIENCES,Returning Students [P]
,,12,0,0,0,0,SCHOOL OF COMPUTING,Returning Students [P]
NM2220,LECTURE 1,42,1,851,1,851,ARTS & SOCIAL SCIENCES,Returning Students [P]
,,7,0,0,0,0,SCHOOL OF COMPUTING,Returning Students [P]
NM2220,LECTURE 2,81,0,0,0,0,ARTS & SOCIAL SCIENCES,Returning Students [P]
,,6,0,0,0,0,SCHOOL OF COMPUTING,Returning Students [P]
NM3210,LECTURE 1,17,0,0,0,0,SCHOOL OF COMPUTING,Returning Students [P]
NM3215,LECTURE 1,20,0,0,0,0,SCHOOL OF COMPUTING,Returning Students [P]
NM3216,LECTURE 1,1,1,10,1,10,ARTS & SOCIAL SCIENCES,Returning Students [P]
,,2,0,0,0,0,ENGINEERING,Returning Students [P]
NM3217,LECTURE 1,9,4,1,1,60,ARTS & SOCIAL SCIENCES,Returning Students [P]
NM3219,LECTURE 1,21,4,5,1,579,ARTS & SOCIAL SCIENCES,Returning Students [P]
NM3222,LECTURE 1,2,3,300,600,813,ARTS & SOCIAL SCIENCES,Returning Students [P]
NM3223,LECTURE 1,1,0,0,0,0,ARTS & SOCIAL SCIENCES,Returning Students [P]
NM3880A,SECTIONAL TEACHING 1,2,3,10,20,20,ARTS & SOCIAL SCIENCES,Returning Students [P]
,,4,0,0,0,0,SCHOOL OF COMPUTING,Returning Students [P]
NM3880A,SECTIONAL TEACHING 2,7,7,1,1,942,ARTS & SOCIAL SCIENCES,Returning Students [P]
,,3,0,0,0,0,SCHOOL OF COMPUTING,Returning Students [P]
NM4101,SECTIONAL TEACHING 1,3,0,0,0,0,SCHOOL OF COMPUTING,Returning Students [P]
NM4204,SECTIONAL TEACHING 1,2,0,0,0,0,ARTS & SOCIAL SCIENCES,Returning Students [P]
NM4211,SECTIONAL TEACHING 1,5,0,0,0,0,ARTS & SOCIAL SCIENCES,Returning Students [P]
NM4212,SECTIONAL TEACHING 1,4,0,0,0,0,ARTS & SOCIAL SCIENCES,Returning Students [P]
NM4213,SECTIONAL TEACHING 1,5,0,0,0,0,ARTS & SOCIAL SCIENCES,Returning Students [P]
NM5101,SECTIONAL TEACHING 1,18,0,0,0,0,ARTS & SOCIAL SCIENCES,Returning Students [P]
NM5201,SECTIONAL TEACHING 1,18,1,1,1,1,ARTS & SOCIAL SCIENCES,Returning Students [P]
NM5206,SECTIONAL TEACHING 1,3,0,0,0,0,ARTS & SOCIAL SCIENCES,Returning Students [P]
NM5208,SECTIONAL TEACHING 1,24,0,0,0,0,ARTS & SOCIAL SCIENCES,Returning Students [P]
PC1141,LECTURE SL1,9,0,0,0,0,SCIENCE,Returning Students [P]
PC1142,LECTURE SL1,8,0,0,0,0,SCIENCE,Returning Students [P]
PC1221,LECTURE SL1,8,1,1,1,1,SCIENCE,Returning Students [P]
,,15,1,1,1,1,SCHOOL OF COMPUTING,Returning Students [P]
PC1222,LECTURE SL1,9,0,0,0,0,SCIENCE,Returning Students [P]
PC1323,LECTURE SL1,30,14,1,1,300,SCIENCE,Returning Students [P]
PC1325,LECTURE SL1,48,6,1,1,50,SCIENCE,Returning Students [P]
PC1327,LECTURE SL1,15,5,1,1,201,SCIENCE,Returning Students [P]
PC1431,LECTURE 1,5,0,0,0,0,SCIENCE,Returning Students [P]
PC1431,LECTURE 2,5,0,0,0,0,SCIENCE,Returning Students [P]
PC1431,LECTURE 3,5,0,0,0,0,SCIENCE,Returning Students [P]
PC1432,LECTURE 1,5,0,0,0,0,SCIENCE,Returning Students [P]
,,35,0,0,0,0,SCHOOL OF COMPUTING,Returning Students [P]
PC2130,LECTURE SL1,30,0,0,0,0,SCIENCE,Returning Students [P]
PC2131,LECTURE SL1,6,1,1000,1,1000,SCIENCE,Returning Students [P]
PC2132,LECTURE SL1,41,0,0,0,0,SCIENCE,Returning Students [P]
PC2193,LECTURE SL1,1,1,1,1,1,SCIENCE,Returning Students [P]
PC2267,LECTURE SL1,31,0,0,0,0,SCIENCE,Returning Students [P]
PC3193,LECTURE SL1,15,1,1,1,1,SCIENCE,Returning Students [P]
PC3231,LECTURE SL1,46,0,0,0,0,SCIENCE,Returning Students [P]
PC3232,LECTURE SL1,32,2,1,1,100,SCIENCE,Returning Students [P]
PC3233,LECTURE SL1,43,3,1,1,20,SCIENCE,Returning Students [P]
PC3235,LECTURE SL1,34,4,1,1,300,SCIENCE,Returning Students [P]
PC3242,LECTURE SL1,50,1,1,1,1,SCIENCE,Returning Students [P]
PC3247,LECTURE SL1,34,2,1,1,10,SCIENCE,Returning Students [P]
PC3274,LECTURE SL1,13,1,1,1,1,SCIENCE,Returning Students [P]
PC4130,LECTURE SL1,3,2,400,1,500,SCIENCE,Returning Students [P]
PC4241,LECTURE SL1,32,0,0,0,0,SCIENCE,Returning Students [P]
PC4246,LECTURE SL1,28,0,0,0,0,SCIENCE,Returning Students [P]
PC4248,LECTURE SL1,28,2,100,1,100,SCIENCE,Returning Students [P]
PC4259,LECTURE SL1,21,0,0,0,0,SCIENCE,Returning Students [P]
,,7,0,0,0,0,ENGINEERING,Returning Students [P]
PC4267,LECTURE SL1,43,0,0,0,0,SCIENCE,Returning Students [P]
PF2101,LECTURE 1,38,1,1,1,1,SCHOOL OF DESIGN AND ENVIRONMENT,Returning Students [P]
PF2102,LECTURE 1,2,2,1,1,93,SCHOOL OF DESIGN AND ENVIRONMENT,Returning Students [P]
PF3101,LECTURE 1,26,3,1,1,150,SCHOOL OF DESIGN AND ENVIRONMENT,Returning Students [P]
PF4201,LECTURE 1,35,0,0,0,0,SCHOOL OF DESIGN AND ENVIRONMENT,Returning Students [P]
PF4302,LECTURE 1,20,19,1,1,1899,SCHOOL OF DESIGN AND ENVIRONMENT,Returning Students [P]
PH1101E,LECTURE 1,30,3,1,1,10,ARTS & SOCIAL SCIENCES,Returning Students [P]
PH2202,LECTURE 1,16,0,0,0,0,ARTS & SOCIAL SCIENCES,Returning Students [P]
PH2203,LECTURE 1,20,0,0,0,0,ARTS & SOCIAL SCIENCES,Returning Students [P]
PH2207,LECTURE 1,18,0,0,0,0,ARTS & SOCIAL SCIENCES,Returning Students [P]
PH2208,LECTURE 1,7,0,0,0,0,ARTS & SOCIAL SCIENCES,Returning Students [P]
PH2219,LECTURE 1,12,0,0,0,0,ARTS & SOCIAL SCIENCES,Returning Students [P]
PH2222,LECTURE 1,19,0,0,0,0,ARTS & SOCIAL SCIENCES,Returning Students [P]
PH2223,LECTURE 1,15,0,0,0,0,ARTS & SOCIAL SCIENCES,Returning Students [P]
PH3204,LECTURE 1,14,0,0,0,0,ARTS & SOCIAL SCIENCES,Returning Students [P]
PH3205,LECTURE 1,16,0,0,0,0,ARTS & SOCIAL SCIENCES,Returning Students [P]
PH3207,LECTURE 1,13,0,0,0,0,ARTS & SOCIAL SCIENCES,Returning Students [P]
PH3212,LECTURE 1,14,0,0,0,0,ARTS & SOCIAL SCIENCES,Returning Students [P]
PH3213,LECTURE 1,13,0,0,0,0,ARTS & SOCIAL SCIENCES,Returning Students [P]
PH4203,SEMINAR-STYLE MODULE CLASS 1,9,0,0,0,0,ARTS & SOCIAL SCIENCES,Returning Students [P]
PH4205,SEMINAR-STYLE MODULE CLASS 1,11,0,0,0,0,ARTS & SOCIAL SCIENCES,Returning Students [P]
PH4206,SEMINAR-STYLE MODULE CLASS 1,9,0,0,0,0,ARTS & SOCIAL SCIENCES,Returning Students [P]
PH4207,SEMINAR-STYLE MODULE CLASS 1,12,0,0,0,0,ARTS & SOCIAL SCIENCES,Returning Students [P]
PH4210,SEMINAR-STYLE MODULE CLASS 1,10,0,0,0,0,ARTS & SOCIAL SCIENCES,Returning Students [P]
PL1101E,LECTURE 1,43,0,0,0,0,ARTS & SOCIAL SCIENCES,Returning Students [P]
PL2131,LECTURE 1,3,0,0,0,0,ARTS & SOCIAL SCIENCES,Returning Students [P]
PL3232,LECTURE 1,115,0,0,0,0,ARTS & SOCIAL SCIENCES,Returning Students [P]
PL3233,LECTURE 1,122,0,0,0,0,ARTS & SOCIAL SCIENCES,Returning Students [P]
PL3234,LECTURE 1,120,0,0,0,0,ARTS & SOCIAL SCIENCES,Returning Students [P]
PL3235,LECTURE 1,128,0,0,0,0,ARTS & SOCIAL SCIENCES,Returning Students [P]
PL3236,LECTURE 1,111,1,100,1,100,ARTS & SOCIAL SCIENCES,Returning Students [P]
PL3239,LECTURE 1,17,4,1,1,500,ARTS & SOCIAL SCIENCES,Returning Students [P]
PL3248,LECTURE 1,8,3,100,1,1800,ARTS & SOCIAL SCIENCES,Returning Students [P]
PL3281B,LECTURE 1,6,3,1,1,50,ARTS & SOCIAL SCIENCES,Returning Students [P]
PL4202,SEMINAR-STYLE MODULE CLASS 1,1,5,567,1664,1664,ARTS & SOCIAL SCIENCES,Returning Students [P]
PL4203,SEMINAR-STYLE MODULE CLASS 1,25,21,1,1,619,ARTS & SOCIAL SCIENCES,Returning Students [P]
PL4221,SEMINAR-STYLE MODULE CLASS 1,20,16,1,1,1648,ARTS & SOCIAL SCIENCES,Returning Students [P]
PL5221,SEMINAR-STYLE MODULE CLASS 1,20,6,1,1,10,ARTS & SOCIAL SCIENCES,Returning Students [P]
PR4203,LECTURE SL1,25,4,1,1,1000,SCIENCE,Returning Students [P]
PR4207,LECTURE SL1,69,4,1,1,11,SCIENCE,Returning Students [P]
PS1101E,LECTURE 1,25,1,50,1,50,ARTS & SOCIAL SCIENCES,Returning Students [P]
PS2238,LECTURE 1,36,0,0,0,0,ARTS & SOCIAL SCIENCES,Returning Students [P]
PS2239,LECTURE 1,17,1,300,1,300,ARTS & SOCIAL SCIENCES,Returning Students [P]
PS2248,LECTURE 1,37,1,200,1,200,ARTS & SOCIAL SCIENCES,Returning Students [P]
PS2249,LECTURE 1,47,1,1,1,1,ARTS & SOCIAL SCIENCES,Returning Students [P]
PS2250,LECTURE 1,7,2,101,1,500,ARTS & SOCIAL SCIENCES,Returning Students [P]
PS3242,LECTURE 1,9,1,800,1,800,ARTS & SOCIAL SCIENCES,Returning Students [P]
PS3243,LECTURE 1,1,2,132,700,700,ARTS & SOCIAL SCIENCES,Returning Students [P]
PS3257,LECTURE 1,65,0,0,0,0,ARTS & SOCIAL SCIENCES,Returning Students [P]
PS3263,LECTURE 1,11,3,1,1,800,ARTS & SOCIAL SCIENCES,Returning Students [P]
PS4205,SEMINAR-STYLE MODULE CLASS 1,3,1,200,1,200,ARTS & SOCIAL SCIENCES,Returning Students [P]
PS4208,SEMINAR-STYLE MODULE CLASS 1,14,1,10,1,10,ARTS & SOCIAL SCIENCES,Returning Students [P]
PS4216,SEMINAR-STYLE MODULE CLASS 1,1,0,0,0,0,ARTS & SOCIAL SCIENCES,Returning Students [P]
PS4216,SEMINAR-STYLE MODULE CLASS 2,5,0,0,0,0,ARTS & SOCIAL SCIENCES,Returning Students [P]
PS4217A,SEMINAR-STYLE MODULE CLASS 1,15,0,0,0,0,ARTS & SOCIAL SCIENCES,Returning Students [P]
PS4218,SEMINAR-STYLE MODULE CLASS 2,8,1,1,1,1,ARTS & SOCIAL SCIENCES,Returning Students [P]
PS4223,SEMINAR-STYLE MODULE CLASS 1,11,2,1,1,1000,ARTS & SOCIAL SCIENCES,Returning Students [P]
PS4882A,SEMINAR-STYLE MODULE CLASS 2,2,0,0,0,0,ARTS & SOCIAL SCIENCES,Returning Students [P]
QF4102,LECTURE SL1,16,2,1,1,100,SCIENCE,Returning Students [P]
RE2801,LECTURE 1,18,0,0,0,0,SCHOOL OF DESIGN AND ENVIRONMENT,Returning Students [P]
RE2802,LECTURE 1,3,0,0,0,0,SCHOOL OF DESIGN AND ENVIRONMENT,Returning Students [P]
RE3801,LECTURE 1,36,3,5,1,600,SCHOOL OF DESIGN AND ENVIRONMENT,Returning Students [P]
RE3802,LECTURE 1,32,2,5,1,50,SCHOOL OF DESIGN AND ENVIRONMENT,Returning Students [P]
RE3802,SECTIONAL TEACHING 2,5,0,0,0,0,SCHOOL OF DESIGN AND ENVIRONMENT,Returning Students [P]
RE3901,LECTURE 1,135,0,0,0,0,SCHOOL OF DESIGN AND ENVIRONMENT,Returning Students [P]
RE3904,LECTURE 1,74,2,100,1,1000,SCHOOL OF DESIGN AND ENVIRONMENT,Returning Students [P]
RE4180,LECTURE 1,8,3,1,1,1000,SCHOOL OF DESIGN AND ENVIRONMENT,Returning Students [P]
RE4291,LECTURE 1,55,0,0,0,0,SCHOOL OF DESIGN AND ENVIRONMENT,Returning Students [P]
RE4292,LECTURE 1,55,0,0,0,0,SCHOOL OF DESIGN AND ENVIRONMENT,Returning Students [P]
RE4390,LECTURE 1,32,5,33,1,2000,SCHOOL OF DESIGN AND ENVIRONMENT,Returning Students [P]
SC1101E,LECTURE 2,38,1,1,1,1,ARTS & SOCIAL SCIENCES,Returning Students [P]
,,145,2,1,1,400,ENGINEERING,Returning Students [P]
SC2101,LECTURE 1,89,0,0,0,0,ARTS & SOCIAL SCIENCES,Returning Students [P]
SC2202,LECTURE 1,84,3,2,1,60,ARTS & SOCIAL SCIENCES,Returning Students [P]
SC2205,LECTURE 1,98,0,0,0,0,ARTS & SOCIAL SCIENCES,Returning Students [P]
SC2206,LECTURE 1,100,3,1,1,296,ARTS & SOCIAL SCIENCES,Returning Students [P]
SC2210,LECTURE 1,65,1,1,1,1,ARTS & SOCIAL SCIENCES,Returning Students [P]
SC2213,LECTURE 1,69,0,0,0,0,ARTS & SOCIAL SCIENCES,Returning Students [P]
SC2214,LECTURE 1,16,4,1,1,838,ARTS & SOCIAL SCIENCES,Returning Students [P]
,,5,0,0,0,0,SCHOOL OF COMPUTING,Returning Students [P]
SC2215,LECTURE 1,63,1,10,1,10,ARTS & SOCIAL SCIENCES,Returning Students [P]
SC2216,LECTURE 1,44,0,0,0,0,ARTS & SOCIAL SCIENCES,Returning Students [P]
SC2218,LECTURE 1,51,0,0,0,0,ARTS & SOCIAL SCIENCES,Returning Students [P]
SC3101,LECTURE 1,101,1,10,1,10,ARTS & SOCIAL SCIENCES,Returning Students [P]
SC3204,LECTURE 1,20,2,1,1,5,ARTS & SOCIAL SCIENCES,Returning Students [P]
SC3205,LECTURE 1,61,0,0,0,0,ARTS & SOCIAL SCIENCES,Returning Students [P]
SC3209,LECTURE 1,15,0,0,0,0,ARTS & SOCIAL SCIENCES,Returning Students [P]
SC3220,LECTURE 1,34,1,1,1,1,ARTS & SOCIAL SCIENCES,Returning Students [P]
SC3221,LECTURE 1,4,0,0,0,0,ARTS & SOCIAL SCIENCES,Returning Students [P]
SC4208A,SEMINAR-STYLE MODULE CLASS 1,13,2,100,1,3000,ARTS & SOCIAL SCIENCES,Returning Students [P]
SC5208,SEMINAR-STYLE MODULE CLASS 1,4,1,1400,1,1400,ARTS & SOCIAL SCIENCES,Returning Students [P]
SC5209,SEMINAR-STYLE MODULE CLASS 1,2,2,1,1,19,ARTS & SOCIAL SCIENCES,Returning Students [P]
SE2210,LECTURE 1,19,1,1,1,1,ARTS & SOCIAL SCIENCES,Returning Students [P]
SE2213,LECTURE 1,40,0,0,0,0,ARTS & SOCIAL SCIENCES,Returning Students [P]
SE2218,LECTURE 1,20,0,0,0,0,ARTS & SOCIAL SCIENCES,Returning Students [P]
SE2219,LECTURE 1,20,0,0,0,0,ARTS & SOCIAL SCIENCES,Returning Students [P]
SE2221,LECTURE 1,40,0,0,0,0,ARTS & SOCIAL SCIENCES,Returning Students [P]
SE3211,LECTURE 1,20,0,0,0,0,ARTS & SOCIAL SCIENCES,Returning Students [P]
SE3213,LECTURE 1,19,0,0,0,0,ARTS & SOCIAL SCIENCES,Returning Students [P]
SE3214,LECTURE 1,20,0,0,0,0,ARTS & SOCIAL SCIENCES,Returning Students [P]
SE4101,SEMINAR-STYLE MODULE CLASS 1,9,1,1,1,1,ARTS & SOCIAL SCIENCES,Returning Students [P]
SE4217,SEMINAR-STYLE MODULE CLASS 1,7,0,0,0,0,ARTS & SOCIAL SCIENCES,Returning Students [P]
SE4218,SEMINAR-STYLE MODULE CLASS 1,5,0,0,0,0,ARTS & SOCIAL SCIENCES,Returning Students [P]
SE4223,SEMINAR-STYLE MODULE CLASS 1,8,0,0,0,0,ARTS & SOCIAL SCIENCES,Returning Students [P]
SE5222,SEMINAR-STYLE MODULE CLASS 1,10,0,0,0,0,ARTS & SOCIAL SCIENCES,Returning Students [P]
SE5229,SEMINAR-STYLE MODULE CLASS 1,9,0,0,0,0,ARTS & SOCIAL SCIENCES,Returning Students [P]
SE5294,SEMINAR-STYLE MODULE CLASS 1,9,0,0,0,0,ARTS & SOCIAL SCIENCES,Returning Students [P]
SH5002,LECTURE 1,6,0,0,0,0,ENGINEERING,Returning Students [P]
SH5402,LECTURE 1,9,0,0,0,0,ENGINEERING,Returning Students [P]
SN1101E,LECTURE 1,32,5,1,1,2,ARTS & SOCIAL SCIENCES,Returning Students [P]
SN2231,LECTURE 1,20,0,0,0,0,ARTS & SOCIAL SCIENCES,Returning Students [P]
SN2234,SEMINAR-STYLE MODULE CLASS 1,20,0,0,0,0,ARTS & SOCIAL SCIENCES,Returning Students [P]
SN2275,LECTURE 1,10,0,0,0,0,ARTS & SOCIAL SCIENCES,Returning Students [P]
SN3261,SEMINAR-STYLE MODULE CLASS 1,15,0,0,0,0,ARTS & SOCIAL SCIENCES,Returning Students [P]
SN3276,SEMINAR-STYLE MODULE CLASS 1,15,0,0,0,0,ARTS & SOCIAL SCIENCES,Returning Students [P]
SP1202,LECTURE SL1,8,0,0,0,0,SCIENCE,Returning Students [P]
SP1202,LECTURE SL2,8,0,0,0,0,SCIENCE,Returning Students [P]
SP1202,LECTURE SL3,9,1,1,1,1,SCIENCE,Returning Students [P]
SP1202,LECTURE SL4,8,0,0,0,0,SCIENCE,Returning Students [P]
SP1202,LECTURE SL5,9,0,0,0,0,SCIENCE,Returning Students [P]
SP1202,LECTURE SL6,9,0,0,0,0,SCIENCE,Returning Students [P]
SP1202,LECTURE SL7,9,0,0,0,0,SCIENCE,Returning Students [P]
SSA2204,LECTURE 1,27,6,1,1,250,ENGINEERING,Returning Students [P]
SSA2211,LECTURE 1,12,5,1,1,2100,ENGINEERING,Returning Students [P]
SSA2220T,LECTURE 1,5,0,0,0,0,ENGINEERING,Returning Students [P]
SSB1204T,LECTURE 1,4,0,0,0,0,ENGINEERING,Returning Students [P]
SSB2216T,SECTIONAL TEACHING 1,2,0,0,0,0,ENGINEERING,Returning Students [P]
ST1131,LECTURE SL1,4,0,0,0,0,SCIENCE,Returning Students [P]
ST1131,LECTURE SL2,7,0,0,0,0,SCIENCE,Returning Students [P]
ST1131A,LECTURE SL1,32,0,0,0,0,SCHOOL OF BUSINESS,Returning Students [P]
ST1232,LECTURE SL1,6,0,0,0,0,SCHOOL OF COMPUTING,Returning Students [P]
ST2131,LECTURE SL1,77,0,0,0,0,SCIENCE,Returning Students [P]
,,74,4,1,1,636,SCHOOL OF COMPUTING,Returning Students [P]
ST2132,LECTURE SL1,23,1,500,1,500,SCIENCE,Returning Students [P]
,,6,0,0,0,0,SCHOOL OF COMPUTING,Returning Students [P]
ST2334,LECTURE SL1,50,0,0,0,0,SCIENCE,Returning Students [P]
,,91,1,1,1,1,SCHOOL OF COMPUTING,Returning Students [P]
ST3131,LECTURE SL1,66,2,1,1,1,SCIENCE,Returning Students [P]
ST3235,LECTURE SL1,85,3,1,1,1,SCIENCE,Returning Students [P]
ST3236,LECTURE SL1,32,4,1,1,500,SCIENCE,Returning Students [P]
ST3242,LECTURE SL1,68,2,1,1,2,SCIENCE,Returning Students [P]
ST3243,LECTURE SL1,39,1,1,1,1,SCIENCE,Returning Students [P]
ST4231,LECTURE SL1,17,2,1,1,1000,SCIENCE,Returning Students [P]
ST4233,LECTURE SL1,3,3,2,1,1000,SCIENCE,Returning Students [P]
SW1101E,LECTURE 1,10,1,1,1,1,ARTS & SOCIAL SCIENCES,Returning Students [P]
SW1101E,LECTURE 2,21,0,0,0,0,ARTS & SOCIAL SCIENCES,Returning Students [P]
SW2101,LECTURE 1,39,0,0,0,0,ARTS & SOCIAL SCIENCES,Returning Students [P]
SW2103,LECTURE 1,9,0,0,0,0,ARTS & SOCIAL SCIENCES,Returning Students [P]
SW2104,LECTURE 1,113,0,0,0,0,ARTS & SOCIAL SCIENCES,Returning Students [P]
SW2105,LECTURE 1,32,0,0,0,0,ARTS & SOCIAL SCIENCES,Returning Students [P]
SW3101,LECTURE 1,24,0,0,0,0,ARTS & SOCIAL SCIENCES,Returning Students [P]
SW3207,LECTURE 1,15,2,1,1,100,ARTS & SOCIAL SCIENCES,Returning Students [P]
SW3209,LECTURE 1,3,1,1,1,1,ARTS & SOCIAL SCIENCES,Returning Students [P]
SW3211,LECTURE 1,45,0,0,0,0,ARTS & SOCIAL SCIENCES,Returning Students [P]
SW4102,SEMINAR-STYLE MODULE CLASS 1,4,0,0,0,0,ARTS & SOCIAL SCIENCES,Returning Students [P]
SW4103,SEMINAR-STYLE MODULE CLASS 1,3,0,0,0,0,ARTS & SOCIAL SCIENCES,Returning Students [P]
SW4201,SEMINAR-STYLE MODULE CLASS 1,6,0,0,0,0,ARTS & SOCIAL SCIENCES,Returning Students [P]
SW4208,SEMINAR-STYLE MODULE CLASS 1,6,0,0,0,0,ARTS & SOCIAL SCIENCES,Returning Students [P]
TC1401,LECTURE 1,5,0,0,0,0,ENGINEERING,Returning Students [P]
TC2113,LECTURE 1,21,2,1,1,80,ENGINEERING,Returning Students [P]
TC2421,LECTURE 1,53,2,1,1,1,ENGINEERING,Returning Students [P]
TC3111,LECTURE 1,25,1,80,1,80,ENGINEERING,Returning Students [P]
TC3114,LECTURE 1,14,2,1,1,80,ENGINEERING,Returning Students [P]
TC4101,LECTURE 1,16,4,1,1,10,ENGINEERING,Returning Students [P]
TC4118,LECTURE 1,109,2,1,1,2,ENGINEERING,Returning Students [P]
TE2003,LECTURE 1,215,3,1,1,1,ENGINEERING,Returning Students [P]
TE2101,LECTURE 1,44,0,0,0,0,ENGINEERING,Returning Students [P]
TE4001,LECTURE 1,79,1,50,1,50,ENGINEERING,Returning Students [P]
TG1401,LECTURE 1,9,0,0,0,0,ENGINEERING,Returning Students [P]
TM1402,LECTURE 1,7,0,0,0,0,ENGINEERING,Returning Students [P]
TM2112,LECTURE 1,35,0,0,0,0,ENGINEERING,Returning Students [P]
TM2122,LECTURE 1,31,1,10,1,10,ENGINEERING,Returning Students [P]
TM4101,LECTURE 1,123,2,2,1,1000,ENGINEERING,Returning Students [P]
TP5025,LECTURE 1,15,0,0,0,0,ENGINEERING,Returning Students [P]
TP5027,LECTURE 1,18,0,0,0,0,ENGINEERING,Returning Students [P]
TR2201,SECTIONAL TEACHING A1,55,1,1,1,1,SCHOOL OF BUSINESS,Returning Students [P]
TR2201,SECTIONAL TEACHING A2,55,0,0,0,0,SCHOOL OF BUSINESS,Returning Students [P]
TR2201,SECTIONAL TEACHING A3,48,0,0,0,0,SCHOOL OF BUSINESS,Returning Students [P]
TR2202,SECTIONAL TEACHING A1,5,4,1,1,100,ENGINEERING,Returning Students [P]
,,2,2,700,1,700,SCHOOL OF BUSINESS,Returning Students [P]
TR2202,SECTIONAL TEACHING A2,4,2,1,1,500,ENGINEERING,Returning Students [P]
,,13,0,0,0,0,SCHOOL OF BUSINESS,Returning Students [P]
TR3001,SECTIONAL TEACHING C1,4,2,10,1,25,ENGINEERING,Returning Students [P]
,,37,3,1,1,1829,SCHOOL OF BUSINESS,Returning Students [P]
TR3001,SECTIONAL TEACHING C2,5,1,1,1,1,ENGINEERING,Returning Students [P]
,,17,0,0,0,0,SCHOOL OF BUSINESS,Returning Students [P]
TR3002,SECTIONAL TEACHING A1,4,1,975,1,975,SCHOOL OF BUSINESS,Returning Students [P]
TS2120,LECTURE 1,22,0,0,0,0,ENGINEERING,Returning Students [P]
TS2231,SEMINAR-STYLE MODULE CLASS 1,26,0,0,0,0,ARTS & SOCIAL SCIENCES,Returning Students [P]
TS2232,SEMINAR-STYLE MODULE CLASS 1,17,0,0,0,0,ARTS & SOCIAL SCIENCES,Returning Students [P]
TS2233,SEMINAR-STYLE MODULE CLASS 1,33,0,0,0,0,ARTS & SOCIAL SCIENCES,Returning Students [P]
TS2237,LECTURE 1,27,0,0,0,0,ARTS & SOCIAL SCIENCES,Returning Students [P]
TS2238,LECTURE 1,32,2,100,1,500,ARTS & SOCIAL SCIENCES,Returning Students [P]
TS2239,SEMINAR-STYLE MODULE CLASS 1,28,1,2,1,2,ARTS & SOCIAL SCIENCES,Returning Students [P]
TS3232,SEMINAR-STYLE MODULE CLASS 1,19,1,100,1,100,ARTS & SOCIAL SCIENCES,Returning Students [P]
TS3235,LECTURE 1,7,0,0,0,0,ARTS & SOCIAL SCIENCES,Returning Students [P]
TS3236,SEMINAR-STYLE MODULE CLASS 1,24,0,0,0,0,ARTS & SOCIAL SCIENCES,Returning Students [P]
TS4218,SEMINAR-STYLE MODULE CLASS 1,17,0,0,0,0,ARTS & SOCIAL SCIENCES,Returning Students [P]
TS4219,SEMINAR-STYLE MODULE CLASS 1,16,0,0,0,0,ARTS & SOCIAL SCIENCES,Returning Students [P]
TS4220,SEMINAR-STYLE MODULE CLASS 1,19,0,0,0,0,ARTS & SOCIAL SCIENCES,Returning Students [P]
TS4221,SEMINAR-STYLE MODULE CLASS 1,15,1,2,1,2,ARTS & SOCIAL SCIENCES,Returning Students [P]
UD5221,LECTURE 1,74,3,1,1,1000,SCHOOL OF DESIGN AND ENVIRONMENT,Returning Students [P]
USC2001,LECTURE SL1,35,0,0,0,0,SCIENCE,Returning Students [P]
USC3002,LECTURE SL1,30,0,0,0,0,SCIENCE,Returning Students [P]
XD3103,LECTURE 1,58,0,0,0,0,ARTS & SOCIAL SCIENCES,Returning Students [P]
